Player,2018/19,,,,,
Stephen Curry ,"$37,457,154 ",,,,,
Russell Westbrook ,"$35,665,000 ",,,,,
Chris Paul ,"$35,654,150 ",,,,,
LeBron James ,"$35,654,150 ",,,,,
Blake Griffin ,"$31,873,932 ",,,,,
Gordon Hayward ,"$31,214,295 ",,,,,
Kyle Lowry ,"$31,000,000 ",,,,,
James Harden ,"$30,570,000 ",,,,,
Paul George ,"$30,560,700 ",,,,,
Mike Conley ,"$30,521,115 ",,,,,
Kevin Durant ,"$30,000,000 ",,,,,
Paul Millsap ,"$29,230,769 ",,,,,
Al Horford ,"$28,928,710 ",,,,,
Damian Lillard ,"$27,977,689 ",,,,,
Carmelo Anthony ,"$27,928,140 ",,,,,
DeMar DeRozan ,"$27,739,975 ",,,,,
Chris Bosh ,"$26,837,720 ",,,,,
Jrue Holiday ,"$26,386,111 ",,,,,
Otto Porter ,"$26,011,913 ",,,,,
CJ McCollum ,"$25,759,766 ",,,,,
Nikola Jokic ,"$25,467,250 ",,,,,
Joel Embiid ,"$25,467,250 ",,,,,
Andrew Wiggins ,"$25,467,250 ",,,,,
Anthony Davis ,"$25,434,263 ",,,,,
Andre Drummond ,"$25,434,262 ",,,,,
Bradley Beal ,"$25,434,262 ",,,,,
Hassan Whiteside ,"$24,434,262 ",,,,,
Dwight Howard ,"$24,256,725 ",,,,,
Giannis Antetokounmpo ,"$24,157,304 ",,,,,
Steven Adams ,"$24,157,304 ",,,,,
Kevin Love ,"$24,119,025 ",,,,,
Marc Gasol ,"$24,119,025 ",,,,,
Chandler Parsons ,"$24,107,258 ",,,,,
Harrison Barnes ,"$24,107,258 ",,,,,
Nicolas Batum ,"$24,000,000 ",,,,,
Kawhi Leonard ,"$23,114,066 ",,,,,
DeAndre Jordan ,"$22,897,200 ",,,,,
Rudy Gobert ,"$22,741,573 ",,,,,
LaMarcus Aldridge ,"$22,347,015 ",,,,,
Serge Ibaka ,"$21,666,667 ",,,,,
Aaron Gordon ,"$21,590,909 ",,,,,
Danilo Gallinari ,"$21,587,579 ",,,,,
Victor Oladipo ,"$21,000,000 ",,,,,
Ryan Anderson ,"$20,421,546 ",,,,,
Joakim Noah ,"$20,261,172 ",,,,,
Kyrie Irving ,"$20,099,189 ",,,,,
Jabari Parker ,"$20,000,000 ",,,,,
Jimmy Butler ,"$19,841,627 ",,,,,
Zach LaVine ,"$19,500,000 ",,,,,
Allen Crabbe ,"$19,332,500 ",,,,,
Enes Kanter ,"$19,264,603 ",,,,,
Tyler Johnson ,"$19,245,370 ",,,,,
John Wall ,"$19,169,800 ",,,,,
Jeff Teague ,"$19,000,000 ",,,,,
George Hill ,"$19,000,000 ",,,,,
Klay Thompson ,"$18,988,725 ",,,,,
Wesley Matthews ,"$18,622,513 ",,,,,
Goran Dragic ,"$18,109,175 ",,,,,
Kent Bazemore ,"$18,089,888 ",,,,,
Evan Turner ,"$17,868,853 ",,,,,
Tristan Thompson ,"$17,469,565 ",,,,,
Draymond Green ,"$17,469,565 ",,,,,
Pau Gasol ,"$17,327,466 ",,,,,
Tim Hardaway Jr ,"$17,325,000 ",,,,,
Reggie Jackson ,"$17,043,478 ",,,,,
Bismack Biyombo ,"$17,000,000 ",,,,,
Evan Fournier ,"$17,000,000 ",,,,,
Derrick Favors ,"$16,900,000 ",,,,,
Luol Deng ,"$16,747,954 ",,,,,
Jonas Valanciunas ,"$16,539,326 ",,,,,
Gary Harris ,"$16,517,857 ",,,,,
Andre Iguodala ,"$16,000,000 ",,,,,
Timofey Mozgov ,"$16,000,000 ",,,,,
Ian Mahinmi ,"$16,000,000 ",,,,,
Clint Capela ,"$15,793,104 ",,,,,
Dennis Schroeder ,"$15,500,000 ",,,,,
DeMarre Carroll ,"$15,400,000 ",,,,,
Gorgui Dieng ,"$15,170,787 ",,,,,
Eric Bledsoe ,"$15,000,000 ",,,,,
Trevor Ariza ,"$15,000,000 ",,,,,
Tobias Harris ,"$14,800,000 ",,,,,
Ricky Rubio ,"$14,800,000 ",,,,,
JR Smith ,"$14,720,000 ",,,,,
Brandon Knight ,"$14,631,250 ",,,,,
James Johnson ,"$14,420,700 ",,,,,
Robin Lopez ,"$14,357,750 ",,,,,
Marvin Williams ,"$14,087,500 ",,,,,
Taj Gibson ,"$14,000,000 ",,,,,
Thaddeus Young ,"$13,764,045 ",,,,,
Tyson Chandler ,"$13,585,000 ",,,,,
Marcin Gortat ,"$13,565,218 ",,,,,
Cody Zeller ,"$13,528,090 ",,,,,
Eric Gordon ,"$13,500,375 ",,,,,
Kenneth Faried ,"$13,314,045 ",,,,,
Austin Rivers ,"$13,155,324 ",,,,,
Michael Kidd-Gilchrist ,"$13,000,000 ",,,,,
Khris Middleton ,"$13,000,000 ",,,,,
Mason Plumlee ,"$12,917,808 ",,,,,
Wilson Chandler ,"$12,800,562 ",,,,,
Solomon Hill ,"$12,763,467 ",,,,,
Nikola Vucevic ,"$12,750,000 ",,,,,
Dion Waiters ,"$12,705,000 ",,,,,
Joe Ingles ,"$12,545,455 ",,,,,
Kelly Olynyk ,"$12,537,527 ",,,,,
Jeremy Lin ,"$12,516,746 ",,,,,
Jordan Clarkson ,"$12,500,000 ",,,,,
Nikola Mirotic ,"$12,500,000 ",,,,,
Miles Plumlee ,"$12,400,000 ",,,,,
Tyreke Evans ,"$12,400,000 ",,,,,
Courtney Lee ,"$12,253,780 ",,,,,
JJ Redick ,"$12,250,000 ",,,,,
Kemba Walker ,"$12,000,000 ",,,,,
Kentavious Caldwell-Pope ,"$12,000,000 ",,,,,
Avery Bradley ,"$12,000,000 ",,,,,
Will Barton ,"$11,830,358 ",,,,,
TJ Warren ,"$11,750,000 ",,,,,
Zach Randolph ,"$11,692,308 ",,,,,
Patrick Mills ,"$11,571,429 ",,,,,
Alec Burks ,"$11,536,515 ",,,,,
Omer Asik ,"$11,286,516 ",,,,,
Marcus Smart ,"$11,160,716 ",,,,,
Jusuf Nurkic ,"$11,111,111 ",,,,,
Iman Shumpert ,"$11,011,234 ",,,,,
Moe Harkless ,"$10,837,079 ",,,,,
Tony Snell ,"$10,607,143 ",,,,,
Dante Exum ,"$10,600,000 ",,,,,
Meyers Leonard ,"$10,595,506 ",,,,,
John Henson ,"$10,577,466 ",,,,,
Bojan Bogdanovic ,"$10,500,000 ",,,,,
Mirza Teletovic ,"$10,500,000 ",,,,,
Terrence Ross ,"$10,500,000 ",,,,,
Robert Covington ,"$10,464,092 ",,,,,
Rudy Gay ,"$10,087,200 ",,,,,
Jon Leuer ,"$10,002,681 ",,,,,
Andre Roberson ,"$10,000,000 ",,,,,
Darren Collison ,"$10,000,000 ",,,,,
Danny Green ,"$10,000,000 ",,,,,
Dwight Powell ,"$9,631,250 ",,,,,
Matthew Dellavedova ,"$9,607,500 ",,,,,
Jared Dudley ,"$9,530,000 ",,,,,
Boban Marjanovic ,"$9,490,740 ",,,,,
Josh Richardson ,"$9,367,200 ",,,,,
Norman Powell ,"$9,367,200 ",,,,,
Markieff Morris ,"$9,173,294 ",,,,,
Bogdan Bogdanovic ,"$9,000,000 ",,,,,
Rajon Rondo ,"$9,000,000 ",,,,,
E'Twaun Moore ,"$8,808,685 ",,,,,
Kosta Koufos ,"$8,739,500 ",,,,,
Fred VanVleet ,"$8,653,847 ",,,,,
Wayne Ellington ,"$8,653,076 ",,,,,
Kyle Anderson ,"$8,641,000 ",,,,,
Julius Randle ,"$8,641,000 ",,,,,
Jerryd Bayless ,"$8,575,916 ",,,,,
Cristiano Felicio ,"$8,470,980 ",,,,,
Markelle Fultz ,"$8,339,880 ",,,,,
Jerami Grant ,"$8,333,333 ",,,,,
CJ Miles ,"$8,333,333 ",,,,,
Joe Harris ,"$8,333,333 ",,,,,
Shaun Livingston ,"$8,307,692 ",,,,,
Deandre Ayton ,"$8,175,840 ",,,,,
Louis Williams ,"$8,000,000 ",,,,,
Garrett Temple ,"$8,000,000 ",,,,,
PJ Tucker ,"$7,959,537 ",,,,,
Cory Joseph ,"$7,945,000 ",,,,,
JaMychal Green ,"$7,866,667 ",,,,,
Karl-Anthony Towns ,"$7,839,435 ",,,,,
Kyle Korver ,"$7,560,000 ",,,,,
Darrell Arthur ,"$7,464,912 ",,,,,
Lonzo Ball ,"$7,461,960 ",,,,,
Doug McDermott ,"$7,333,334 ",,,,,
Marvin Bagley ,"$7,314,960 ",,,,,
Jae Crowder ,"$7,305,825 ",,,,,
DJ Augustin ,"$7,250,000 ",,,,,
Lance Thomas ,"$7,119,650 ",,,,,
D'Angelo Russell ,"$7,019,698 ",,,,,
Langston Galloway ,"$7,000,000 ",,,,,
Ersan Ilyasova ,"$7,000,000 ",,,,,
Davis Bertans ,"$7,000,000 ",,,,,
Jeremy Lamb ,"$7,000,000 ",,,,,
Al-Farouq Aminu ,"$6,957,105 ",,,,,
Jayson Tatum ,"$6,700,800 ",,,,,
Luka Doncic ,"$6,569,040 ",,,,,
Nemanja Bjelica ,"$6,500,000 ",,,,,
Mario Hezonja ,"$6,500,000 ",,,,,
Ben Simmons ,"$6,434,520 ",,,,,
Dewayne Dedmon ,"$6,300,000 ",,,,,
Milos Teodosic ,"$6,300,000 ",,,,,
Marco Belinelli ,"$6,153,846 ",,,,,
Wesley Johnson ,"$6,134,000 ",,,,,
Josh Jackson ,"$6,041,520 ",,,,,
Montrezl Harrell ,"$6,000,000 ",,,,,
Jonathon Simmons ,"$6,000,000 ",,,,,
Ishmael Smith ,"$6,000,000 ",,,,,
Jaren Jackson ,"$5,922,720 ",,,,,
Brandon Ingram ,"$5,757,120 ",,,,,
Anthony Tolliver ,"$5,750,000 ",,,,,
Kristaps Porzingis ,"$5,697,054 ",,,,,
Deron Williams ,"$5,474,787 ",,,,,
De'Aaron Fox ,"$5,470,920 ",,,,,
Ben McLemore ,"$5,460,000 ",,,,,
Patrick Patterson ,"$5,451,600 ",,,,,
Jason Smith ,"$5,450,000 ",,,,,
Marcus Morris ,"$5,375,000 ",,,,,
Trae Young ,"$5,363,280 ",,,,,
DeMarcus Cousins ,"$5,337,000 ",,,,,
Josh Smith ,"$5,331,729 ",,,,,
Alexis Ajinca ,"$5,285,394 ",,,,,
Thabo Sefolosha ,"$5,250,000 ",,,,,
Aron Baynes ,"$5,193,600 ",,$0 ,$0 ,$0 ,$0 
Jaylen Brown ,"$5,169,960 ","$6,534,829 ","$8,573,696 ",$0 ,$0 ,$0 
Patrick Beverley ,"$5,027,028 ",$0 ,$0 ,$0 ,$0 ,$0 
Tony Parker ,"$5,000,000 ","$5,250,000 ",$0 ,$0 ,$0 ,$0 
Dirk Nowitzki ,"$5,000,000 ",$0 ,$0 ,$0 ,$0 ,$0 
Mike Muscala ,"$5,000,000 ",$0 ,$0 ,$0 ,$0 ,$0 
Jonathan Isaac ,"$4,969,080 ","$5,806,440 ","$7,362,565 ","$9,821,662 ",$0 ,$0 
Mo Bamba ,"$4,871,280 ","$5,704,920 ","$5,976,720 ","$7,578,480 ","$10,109,693 ",$0 
Jamal Crawford ,"$4,698,113 ",$0 ,$0 ,$0 ,$0 ,$0 
Ron Baker ,"$4,697,823 ",$0 ,$0 ,$0 ,$0 ,$0 
Willie Cauley-Stein ,"$4,696,874 ","$6,265,631 ",$0 ,$0 ,$0 ,$0 
Dragan Bender ,"$4,661,280 ",$0 ,$0 ,$0 ,$0 ,$0 
Lauri Markkanen ,"$4,536,120 ","$5,300,400 ","$6,731,508 ","$9,026,952 ",$0 ,$0 
Justin Holiday ,"$4,500,000 ",$0 ,$0 ,$0 ,$0 ,$0 
Ed Davis ,"$4,449,000 ",$0 ,$0 ,$0 ,$0 ,$0 
Kyle O'Quinn ,"$4,449,000 ",$0 ,$0 ,$0 ,$0 ,$0 
Lance Stephenson ,"$4,449,000 ",$0 ,$0 ,$0 ,$0 ,$0 
Wendell Carter ,"$4,446,840 ","$5,208,000 ","$5,455,920 ","$6,929,018 ","$9,291,813 ",$0 
Alex Len ,"$4,350,000 ","$4,160,000 ",$0 ,$0 ,$0 ,$0 
Luc Mbah a Moute ,"$4,320,500 ",$0 ,$0 ,$0 ,$0 ,$0 
Mike Scott ,"$4,320,500 ",$0 ,$0 ,$0 ,$0 ,$0 
Emmanuel Mudiay ,"$4,294,479 ","$5,758,897 ",$0 ,$0 ,$0 ,$0 
Kris Dunn ,"$4,221,000 ","$5,348,007 ","$7,091,457 ",$0 ,$0 ,$0 
Frank Ntilikina ,"$4,155,720 ","$4,855,800 ","$6,176,578 ","$8,326,027 ",$0 ,$0 
Glenn Robinson III ,"$4,075,000 ","$4,278,750 ",$0 ,$0 ,$0 ,$0 
Collin Sexton ,"$4,073,760 ","$4,771,080 ","$4,998,360 ","$6,357,913 ","$8,570,467 ",$0 
Al Jefferson ,"$4,000,000 ",$0 ,$0 ,$0 ,$0 ,$0 
Stanley Johnson ,"$3,940,401 ","$5,311,660 ",$0 ,$0 ,$0 ,$0 
Buddy Hield ,"$3,833,760 ","$4,861,207 ","$6,484,851 ",$0 ,$0 ,$0 
Dennis Smith ,"$3,819,960 ","$4,463,640 ","$5,686,677 ","$7,705,447 ",$0 ,$0 
Kevin Knox ,"$3,744,840 ","$4,385,640 ","$4,594,680 ","$5,853,622 ","$7,931,658 ",$0 
Jose Juan Barea ,"$3,710,850 ",$0 ,$0 ,$0 ,$0 ,$0 
Alex Abrines ,"$3,667,645 ",$0 ,$0 ,$0 ,$0 ,$0 
Nenê ,"$3,651,480 ","$4,825,360 ",$0 ,$0 ,$0 ,$0 
Thon Maker ,"$3,639,636 ","$5,175,983 ","$4,861,853 ",$0 ,$0 ,$0 
Zach Collins ,"$3,628,920 ","$4,240,200 ","$5,406,255 ","$7,363,319 ",$0 ,$0 
Frank Kaminsky ,"$3,627,842 ","$4,915,726 ",$0 ,$0 ,$0 ,$0 
Jodie Meeks ,"$3,577,452 ",$0 ,$0 ,$0 ,$0 ,$0 
Mikal Bridges ,"$3,557,400 ","$4,166,280 ","$4,364,640 ","$5,564,916 ","$7,579,415 ",$0 
Michael Beasley ,"$3,500,000 ",$0 ,$0 ,$0 ,$0 ,$0 
Jamal Murray ,"$3,499,800 ","$4,444,746 ","$5,960,404 ",$0 ,$0 ,$0 
Rodney Hood ,"$3,472,887 ",$0 ,$0 ,$0 ,$0 ,$0 
Justise Winslow ,"$3,448,926 ","$13,000,000 ","$13,000,000 ","$13,000,000 ",$0 ,$0 
Malik Monk ,"$3,447,480 ","$4,028,400 ","$5,345,687 ","$7,318,245 ",$0 ,$0 
Cameron Payne ,"$3,440,356 ",$0 ,$0 ,$0 ,$0 ,$0 
Brook Lopez ,"$3,382,000 ",$0 ,$0 ,$0 ,$0 ,$0 
Shai Gilgeous-Alexander ,"$3,375,360 ","$3,952,920 ","$4,141,320 ","$5,495,532 ","$7,523,383 ",$0 
Trey Lyles ,"$3,364,249 ","$3,706,357 ",$0 ,$0 ,$0 ,$0 
Ekpe Udoh ,"$3,360,000 ",$0 ,$0 ,$0 ,$0 ,$0 
Devin Booker ,"$3,314,365 ","$27,250,000 ","$29,430,000 ","$31,610,000 ","$33,790,000 ","$36,493,200 "
Myles Turner ,"$3,294,994 ","$18,000,000 ","$18,000,000 ","$18,000,000 ","$18,000,000 ",$0 
Luke Kennard ,"$3,275,280 ","$3,827,160 ","$5,273,826 ","$7,256,785 ",$0 ,$0 
Troy Daniels ,"$3,258,539 ",$0 ,$0 ,$0 ,$0 ,$0 
Kelly Oubre ,"$3,208,630 ","$4,485,665 ",$0 ,$0 ,$0 ,$0 
Miles Bridges ,"$3,206,640 ","$3,755,400 ","$3,934,320 ","$5,421,493 ","$7,469,530 ",$0 
Marquese Chriss ,"$3,206,160 ",$0 ,$0 ,$0 ,$0 ,$0 
Tomas Satoransky ,"$3,129,187 ",$0 ,$0 ,$0 ,$0 ,$0 
Bryn Forbes ,"$3,125,000 ","$2,875,000 ",$0 ,$0 ,$0 ,$0 
Donovan Mitchell ,"$3,111,480 ","$3,635,760 ","$5,195,501 ","$7,185,378 ",$0 ,$0 
Terry Rozier ,"$3,050,389 ","$4,285,797 ",$0 ,$0 ,$0 ,$0 
Jerome Robinson ,"$3,050,160 ","$3,572,280 ","$3,742,440 ","$5,347,946 ","$7,396,210 ",$0 
Yogi Ferrell ,"$3,000,000 ","$3,000,000 ",$0 ,$0 ,$0 ,$0 
Elfrid Payton ,"$3,000,000 ",$0 ,$0 ,$0 ,$0 ,$0 
Bam Adebayo ,"$2,955,840 ","$3,454,080 ","$5,115,492 ","$7,115,650 ",$0 ,$0 
Jakob Poeltl ,"$2,947,320 ","$3,754,885 ","$5,087,870 ",$0 ,$0 ,$0 
Michael Porter ,"$2,894,160 ","$3,389,400 ","$3,550,800 ","$5,258,735 ","$7,314,900 ",$0 
Andrew Nicholson ,"$2,844,429 ","$2,844,429 ","$2,844,429 ","$2,844,429 ","$2,844,429 ",$0 
Justin Jackson ,"$2,807,880 ","$3,280,920 ","$5,029,650 ","$7,031,451 ",$0 ,$0 
Seth Curry ,"$2,795,000 ",$0 ,$0 ,$0 ,$0 ,$0 
Cedi Osman ,"$2,775,000 ","$2,907,143 ",$0 ,$0 ,$0 ,$0 
Sam Dekker ,"$2,760,094 ","$3,916,574 ",$0 ,$0 ,$0 ,$0 
Troy Brown ,"$2,752,680 ","$3,223,680 ","$3,377,160 ","$5,177,186 ","$7,237,706 ",$0 
Guerschon Yabusele ,"$2,667,600 ","$3,117,240 ","$4,781,846 ","$6,718,494 ",$0 ,$0 
Justin Patton ,"$2,667,600 ",$0 ,$0 ,$0 ,$0 ,$0 
Domantas Sabonis ,"$2,659,800 ","$3,529,554 ","$4,831,960 ",$0 ,$0 ,$0 
Jerian Grant ,"$2,639,313 ","$3,763,661 ",$0 ,$0 ,$0 ,$0 
Zhaire Smith ,"$2,615,160 ","$3,062,760 ","$3,208,680 ","$4,922,115 ","$6,915,571 ",$0 
Delon Wright ,"$2,536,898 ","$3,635,375 ",$0 ,$0 ,$0 ,$0 
DJ Wilson ,"$2,534,280 ","$2,961,120 ","$4,548,280 ","$6,422,172 ",$0 ,$0 
Taurean Prince ,"$2,526,840 ","$3,481,985 ","$4,791,212 ",$0 ,$0 ,$0 
Dario Saric ,"$2,526,840 ","$3,481,985 ","$4,791,212 ",$0 ,$0 ,$0 
Justin Anderson ,"$2,516,047 ","$3,625,625 ",$0 ,$0 ,$0 ,$0 
Shelvin Mack ,"$2,512,601 ",$0 ,$0 ,$0 ,$0 ,$0 
Reggie Bullock ,"$2,500,000 ",$0 ,$0 ,$0 ,$0 ,$0 
Manu Ginobili ,"$2,500,000 ",$0 ,$0 ,$0 ,$0 ,$0 
Bobby Portis ,"$2,494,346 ","$3,611,813 ",$0 ,$0 ,$0 ,$0 
Dante Cunningham ,"$2,487,000 ",$0 ,$0 ,$0 ,$0 ,$0 
Donte DiVincenzo ,"$2,484,360 ","$2,909,640 ","$3,048,000 ","$4,681,728 ","$6,610,599 ",$0 
Rondae Hollis-Jefferson ,"$2,470,356 ","$3,594,369 ",$0 ,$0 ,$0 ,$0 
Tyus Jones ,"$2,444,052 ","$3,573,204 ",$0 ,$0 ,$0 ,$0 
Jarell Martin ,"$2,416,221 ",$0 ,$0 ,$0 ,$0 ,$0 
TJ Leaf ,"$2,407,560 ","$2,813,280 ","$4,326,825 ","$6,139,764 ",$0 ,$0 
Georgios Papagiannis ,"$2,400,480 ",$0 ,$0 ,$0 ,$0 ,$0 
Vince Carter ,"$2,393,887 ",$0 ,$0 ,$0 ,$0 ,$0 
Channing Frye ,"$2,393,887 ",$0 ,$0 ,$0 ,$0 ,$0 
Devin Harris ,"$2,393,887 ",$0 ,$0 ,$0 ,$0 ,$0 
Jose Calderon ,"$2,393,887 ",$0 ,$0 ,$0 ,$0 ,$0 
Zaza Pachulia ,"$2,393,887 ",$0 ,$0 ,$0 ,$0 ,$0 
JaVale McGee ,"$2,393,887 ",$0 ,$0 ,$0 ,$0 ,$0 
Udonis Haslem ,"$2,393,887 ",$0 ,$0 ,$0 ,$0 ,$0 
Dwyane Wade ,"$2,393,887 ",$0 ,$0 ,$0 ,$0 ,$0 
Raymond Felton ,"$2,393,887 ",$0 ,$0 ,$0 ,$0 ,$0 
Amir Johnson ,"$2,393,887 ",$0 ,$0 ,$0 ,$0 ,$0 
Jeff Green ,"$2,393,887 ",$0 ,$0 ,$0 ,$0 ,$0 
Lonnie Walker ,"$2,360,160 ","$2,764,200 ","$2,895,720 ","$4,453,617 ","$6,319,683 ",$0 
John Collins ,"$2,299,080 ","$2,686,560 ","$4,137,302 ","$5,899,793 ",$0 ,$0 
Denzel Valentine ,"$2,280,600 ","$3,377,568 ","$4,698,197 ",$0 ,$0 ,$0 
Larry Nance Jr ,"$2,272,390 ","$12,727,273 ","$11,709,091 ","$10,690,909 ",$0 ,$0 
Kevin Huerter ,"$2,250,960 ","$2,636,280 ","$2,761,920 ","$4,253,357 ","$6,065,287 ",$0 
Monta Ellis ,"$2,245,400 ","$2,245,400 ","$2,245,400 ","$2,245,400 ",$0 ,$0 
Harry Giles ,"$2,207,040 ","$2,578,800 ","$3,976,510 ","$5,698,338 ",$0 ,$0 
Darius Miller ,"$2,205,000 ",$0 ,$0 ,$0 ,$0 ,$0 
Henry Ellenson ,"$2,199,311 ","$1,645,357 ",$0 ,$0 ,$0 ,$0 
Omri Casspi ,"$2,176,260 ",$0 ,$0 ,$0 ,$0 ,$0 
Derrick Rose ,"$2,176,260 ",$0 ,$0 ,$0 ,$0 ,$0 
Juan Hernangomez ,"$2,166,360 ","$3,321,029 ","$4,642,799 ",$0 ,$0 ,$0 
Greg Monroe ,"$2,165,481 ",$0 ,$0 ,$0 ,$0 ,$0 
Jonas Jerebko ,"$2,165,481 ",$0 ,$0 ,$0 ,$0 ,$0 
Quincy Pondexter ,"$2,165,481 ",$0 ,$0 ,$0 ,$0 ,$0 
Josh Okogie ,"$2,163,600 ","$2,533,920 ","$2,654,520 ","$4,093,269 ","$5,865,655 ",$0 
Nik Stauskas ,"$2,161,886 ",$0 ,$0 ,$0 ,$0 ,$0 
Terrance Ferguson ,"$2,118,840 ","$2,475,840 ","$3,944,013 ","$5,683,323 ",$0 ,$0 
Raul Neto ,"$2,100,000 ","$2,100,000 ",$0 ,$0 ,$0 ,$0 
Salah Mejri ,"$2,098,196 ",$0 ,$0 ,$0 ,$0 ,$0 
Grayson Allen ,"$2,076,960 ","$2,432,520 ","$2,548,440 ","$4,059,664 ","$5,849,977 ",$0 
Jarrett Allen ,"$2,034,120 ","$2,376,840 ","$3,909,902 ","$5,661,538 ",$0 ,$0 
Isaiah Thomas ,"$2,029,463 ",$0 ,$0 ,$0 ,$0 ,$0 
Spencer Hawes ,"$2,007,058 ","$2,007,058 ",$0 ,$0 ,$0 ,$0 
Torrey Craig ,"$2,000,000 ","$2,000,000 ",$0 ,$0 ,$0 ,$0 
Cole Aldrich ,"$2,000,000 ",$0 ,$0 ,$0 ,$0 ,$0 
Chandler Hutchison ,"$1,991,520 ","$2,332,320 ","$2,443,440 ","$4,019,459 ","$5,820,176 ",$0 
Ante Zizic ,"$1,952,760 ","$2,281,800 ","$3,872,214 ","$5,634,072 ",$0 ,$0 
OG Anunoby ,"$1,952,760 ","$2,281,800 ","$3,872,215 ","$5,634,072 ",$0 ,$0 
Shabazz Napier ,"$1,942,422 ","$1,845,301 ",$0 ,$0 ,$0 ,$0 
Aaron Holiday ,"$1,914,480 ","$2,241,960 ","$2,348,880 ","$3,986,049 ","$5,799,701 ",$0 
Timothe Luwawu ,"$1,880,268 ",$0 ,$0 ,$0 ,$0 ,$0 
Tyler Lydon ,"$1,874,640 ",$0 ,$0 ,$0 ,$0 ,$0 
Anfernee Simons ,"$1,837,800 ","$2,152,440 ","$2,254,920 ","$3,943,855 ","$5,765,916 ",$0 
Tim Frazier ,"$1,832,107 ",$0 ,$0 ,$0 ,$0 ,$0 
Trey Burke ,"$1,795,015 ",$0 ,$0 ,$0 ,$0 ,$0 
Malik Beasley ,"$1,773,840 ","$2,731,713 ","$3,895,423 ",$0 ,$0 ,$0 
Moritz Wagner ,"$1,764,240 ","$2,066,040 ","$2,164,680 ","$3,898,588 ","$5,727,026 ",$0 
Nerlens Noel ,"$1,757,429 ","$1,988,119 ",$0 ,$0 ,$0 ,$0 
Ian Clark ,"$1,757,429 ",$0 ,$0 ,$0 ,$0 ,$0 
Caleb Swanigan ,"$1,740,000 ","$2,033,160 ","$3,665,787 ","$5,410,702 ",$0 ,$0 
Furkan Korkmaz ,"$1,740,000 ",$0 ,$0 ,$0 ,$0 ,$0 
Landry Shamet ,"$1,705,920 ","$1,997,640 ","$2,092,920 ","$3,773,534 ","$5,569,737 ",$0 
Caris LeVert ,"$1,702,800 ","$2,625,717 ","$3,762,653 ",$0 ,$0 ,$0 
Rodions Kurucs ,"$1,690,000 ","$1,774,500 ","$1,859,000 ","$1,943,500 ",$0 ,$0 
Jonah Bolden ,"$1,690,000 ","$1,698,450 ","$1,766,550 ","$1,845,000 ",$0 ,$0 
Kyle Kuzma ,"$1,689,840 ","$1,974,600 ","$3,562,178 ","$5,282,711 ",$0 ,$0 
Tony Bradley ,"$1,679,520 ","$1,962,360 ","$3,542,060 ","$5,277,669 ",$0 ,$0 
Derrick White ,"$1,667,160 ","$1,948,080 ","$3,516,284 ","$5,274,427 ",$0 ,$0 
Kyle Singler ,"$1,665,333 ","$1,665,333 ","$1,665,333 ",$0 ,$0 ,$0 
Robert Williams ,"$1,656,600 ","$1,940,160 ","$2,032,440 ","$3,666,521 ","$5,437,451 ",$0 
Spencer Dinwiddie ,"$1,656,092 ",,,,$0 ,$0 
MarShon Brooks ,"$1,656,092 ",$0 ,$0 ,$0 ,$0 ,$0 
Josh Hart ,"$1,655,160 ","$1,934,160 ","$3,491,159 ","$5,236,738 ",$0 ,$0 
Jacob Evans ,"$1,646,400 ","$1,928,280 ","$2,019,960 ","$3,646,027 ","$5,432,581 ",$0 
Pat Connaughton ,"$1,641,000 ","$1,723,050 ",$0 ,$0 ,$0 ,$0 
DeAndre Bembry ,"$1,634,640 ","$2,603,981 ","$3,752,337 ",$0 ,$0 ,$0 
Dzanan Musa ,"$1,634,400 ","$1,914,120 ","$2,005,200 ","$3,619,386 ","$5,429,079 ",$0 
Deyonta Davis ,"$1,630,408 ",$0 ,$0 ,$0 ,$0 ,$0 
Omari Spellman ,"$1,622,520 ","$1,900,200 ","$1,990,920 ","$3,593,610 ","$5,390,415 ",$0 
James Ennis ,"$1,621,415 ","$1,845,301 ",$0 ,$0 ,$0 ,$0 
Noah Vonleh ,"$1,621,415 ",$0 ,$0 ,$0 ,$0 ,$0 
Luke Kornet ,"$1,619,260 ",$0 ,$0 ,$0 ,$0 ,$0 
TJ McConnell ,"$1,600,520 ",$0 ,$0 ,$0 ,$0 ,$0 
Richaun Holmes ,"$1,600,520 ",$0 ,$0 ,$0 ,$0 ,$0 
Malachi Richardson ,"$1,569,360 ",$0 ,$0 ,$0 ,$0 ,$0 
Jahlil Okafor ,"$1,567,007 ","$1,702,486 ",$0 ,$0 ,$0 ,$0 
Kevon Looney ,"$1,567,007 ",$0 ,$0 ,$0 ,$0 ,$0 
Pascal Siakam ,"$1,544,951 ","$2,351,838 ","$3,487,776 ",$0 ,$0 ,$0 
Skal Labissiere ,"$1,544,951 ","$2,338,846 ","$3,484,881 ",$0 ,$0 ,$0 
Dejounte Murray ,"$1,544,951 ","$2,321,735 ","$3,482,603 ",$0 ,$0 ,$0 
Damian Jones ,"$1,544,951 ","$2,305,057 ","$3,457,585 ",$0 ,$0 ,$0 
Wayne Selden ,"$1,544,951 ",$0 ,$0 ,$0 ,$0 ,$0 
Dorian Finney-Smith ,"$1,544,951 ",$0 ,$0 ,$0 ,$0 ,$0 
Quinn Cook ,"$1,544,951 ",$0 ,$0 ,$0 ,$0 ,$0 
Wade Baldwin ,"$1,544,951 ",$0 ,$0 ,$0 ,$0 ,$0 
Ivica Zubac ,"$1,544,951 ",$0 ,$0 ,$0 ,$0 ,$0 
Rodney McGruder ,"$1,544,951 ",$0 ,$0 ,$0 ,$0 ,$0 
Malcolm Brogdon ,"$1,544,951 ",$0 ,$0 ,$0 ,$0 ,$0 
Cheick Diallo ,"$1,544,951 ",$0 ,$0 ,$0 ,$0 ,$0 
Jake Layman ,"$1,544,951 ",$0 ,$0 ,$0 ,$0 ,$0 
Derrick Jones ,"$1,512,601 ","$1,645,357 ",$0 ,$0 ,$0 ,$0 
Treveon Graham ,"$1,512,601 ","$1,645,357 ",$0 ,$0 ,$0 ,$0 
David Nwaba ,"$1,512,601 ",$0 ,$0 ,$0 ,$0 ,$0 
Gerald Green ,"$1,512,601 ",$0 ,$0 ,$0 ,$0 ,$0 
Christian Wood ,"$1,512,601 ",$0 ,$0 ,$0 ,$0 ,$0 
Georges Niang ,"$1,512,601 ","$1,645,357 ","$1,783,557 ",$0 ,$0 ,$0 
Willy Hernangomez ,"$1,496,500 ","$1,557,250 ",$0 ,$0 ,$0 ,$0 
Sviatoslav Mykhailiuk ,"$1,487,694 ","$1,416,852 ","$1,663,861 ",$0 ,$0 ,$0 
Mitchell Robinson ,"$1,485,440 ","$1,559,712 ","$1,663,861 ","$1,802,057 ",$0 ,$0 
Jawun Evans ,"$1,455,492 ",$0 ,$0 ,$0 ,$0 ,$0 
Sindarius Thornwell ,"$1,378,242 ","$1,618,520 ",$0 ,$0 ,$0 ,$0 
Ivan Rabb ,"$1,378,242 ","$1,618,520 ",$0 ,$0 ,$0 ,$0 
Damyean Dotson ,"$1,378,242 ","$1,618,520 ",$0 ,$0 ,$0 ,$0 
Royce O'Neale ,"$1,378,242 ","$1,618,520 ",$0 ,$0 ,$0 ,$0 
Semi Ojeleye ,"$1,378,242 ","$1,618,520 ","$1,752,950 ",$0 ,$0 ,$0 
Daniel Theis ,"$1,378,242 ",$0 ,$0 ,$0 ,$0 ,$0 
Dwayne Bacon ,"$1,378,242 ","$1,618,520 ","$2,023,150 ",$0 ,$0 ,$0 
Maxi Kleber ,"$1,378,242 ",$0 ,$0 ,$0 ,$0 ,$0 
Jordan Bell ,"$1,378,242 ",$0 ,$0 ,$0 ,$0 ,$0 
Zhou Qi ,"$1,378,242 ",$0 ,$0 ,$0 ,$0 ,$0 
Dillon Brooks ,"$1,378,242 ","$1,618,520 ",$0 ,$0 ,$0 ,$0 
Tyler Dorsey ,"$1,378,242 ",$0 ,$0 ,$0 ,$0 ,$0 
Dakari Johnson ,"$1,378,242 ",$0 ,$0 ,$0 ,$0 ,$0 
Rade Zagorac ,"$1,378,242 ",$0 ,$0 ,$0 ,$0 ,$0 
Sterling Brown ,"$1,378,242 ","$1,618,520 ",$0 ,$0 ,$0 ,$0 
Frank Jackson ,"$1,378,242 ","$1,618,520 ",$0 ,$0 ,$0 ,$0 
Abdel Nader ,"$1,378,242 ","$1,618,520 ","$1,752,950 ",$0 ,$0 ,$0 
Khem Birch ,"$1,378,242 ",$0 ,$0 ,$0 ,$0 ,$0 
Wesley Iwundu ,"$1,378,242 ",$0 ,$0 ,$0 ,$0 ,$0 
Frank Mason ,"$1,378,242 ",$0 ,$0 ,$0 ,$0 ,$0 
Thomas Bryant ,"$1,378,242 ",$0 ,$0 ,$0 ,$0 ,$0 
Jabari Bird ,"$1,349,383 ","$1,588,231 ",$0 ,$0 ,$0 ,$0 
Antonio Blakeney ,"$1,349,383 ","$1,588,231 ",$0 ,$0 ,$0 ,$0 
Monte Morris ,"$1,349,383 ","$1,588,231 ","$1,723,707 ",$0 ,$0 ,$0 
Alfonzo McKinnie ,"$1,349,383 ","$1,588,231 ",$0 ,$0 ,$0 ,$0 
Tyrone Wallace ,"$1,349,383 ","$1,588,231 ",$0 ,$0 ,$0 ,$0 
Daniel Hamilton ,"$1,349,383 ",$0 ,$0 ,$0 ,$0 ,$0 
Ryan Arcidiacono ,"$1,349,383 ",$0 ,$0 ,$0 ,$0 ,$0 
Ike Anigbogu ,"$1,349,383 ",$0 ,$0 ,$0 ,$0 ,$0 
Shaquille Harrison ,"$1,325,531 ","$1,588,231 ",$0 ,$0 ,$0 ,$0 
Elie Okobo ,"$1,238,464 ","$1,416,852 ","$1,663,861 ","$1,802,057 ",$0 ,$0 
Jalen Brunson ,"$1,230,000 ","$1,416,852 ","$1,663,861 ","$1,802,057 ",$0 ,$0 
Michael Carter-Williams ,"$1,200,000 ",$0 ,$0 ,$0 ,$0 ,$0 
Corey Brewer ,"$1,109,031 ",$0 ,$0 ,$0 ,$0 ,$0 
Raymond Spalding ,"$1,070,581 ","$708,426 ",$0 ,$0 ,$0 ,$0 
Melvin Frazier ,"$1,050,000 ","$1,416,852 ","$1,663,861 ",$0 ,$0 ,$0 
Isaac Bonga ,"$1,000,000 ","$1,416,852 ","$1,663,861 ",$0 ,$0 ,$0 
Justin Hamilton ,"$1,000,000 ","$1,000,000 ",$0 ,$0 ,$0 ,$0 
Devonte Graham ,"$988,464 ","$1,416,852 ","$1,663,861 ",$0 ,$0 ,$0 
Chasson Randle ,"$975,824 ",$0 ,$0 ,$0 ,$0 ,$0 
Patrick McCaw ,"$964,104 ",$0 ,$0 ,$0 ,$0 ,$0 
De'Anthony Melton ,"$949,000 ","$1,416,852 ",$0 ,$0 ,$0 ,$0 
Jason Thompson ,"$893,333 ",$0 ,$0 ,$0 ,$0 ,$0 
Ryan Broekhoff ,"$838,464 ","$1,416,852 ",$0 ,$0 ,$0 ,$0 
Jarred Vanderbilt ,"$838,464 ","$1,416,852 ","$1,663,861 ",$0 ,$0 ,$0 
Bruce Brown ,"$838,464 ","$1,416,852 ","$1,663,861 ",$0 ,$0 ,$0 
Khyri Thomas ,"$838,464 ","$1,416,852 ","$1,663,861 ",$0 ,$0 ,$0 
Isaiah Hartenstein ,"$838,464 ","$1,416,852 ",$0 ,$0 ,$0 ,$0 
Alize Johnson ,"$838,464 ","$1,416,852 ",$0 ,$0 ,$0 ,$0 
Keita Bates-Diop ,"$838,464 ","$1,416,852 ","$1,663,861 ",$0 ,$0 ,$0 
Kenrich Williams ,"$838,464 ","$1,416,852 ",$0 ,$0 ,$0 ,$0 
Hamidou Diallo ,"$838,464 ","$1,416,852 ","$1,663,861 ",$0 ,$0 ,$0 
Isaiah Briscoe ,"$838,464 ","$1,416,852 ","$1,663,861 ",$0 ,$0 ,$0 
Gary Trent Jr ,"$838,464 ","$1,416,852 ",$0 ,$0 ,$0 ,$0 
Chimezie Metu ,"$838,464 ","$1,416,852 ","$1,663,861 ",$0 ,$0 ,$0 
Brad Wanamaker ,"$838,464 ",$0 ,$0 ,$0 ,$0 ,$0 
Jevon Carter ,"$838,464 ",$0 ,$0 ,$0 ,$0 ,$0 
Lorenzo Brown ,"$800,000 ",$0 ,$0 ,$0 ,$0 ,$0 
Davon Reed ,"$752,250 ",$0 ,$0 ,$0 ,$0 ,$0 
Isaiah Canaan ,"$744,671 ",$0 ,$0 ,$0 ,$0 ,$0 
Bruno Caboclo ,"$705,361 ","$1,845,301 ",$0 ,$0 ,$0 ,$0 
John Jenkins ,"$685,098 ","$1,988,119 ",$0 ,$0 ,$0 ,$0 
Gary Clark ,"$674,122 ","$1,416,852 ","$1,663,861 ",$0 ,$0 ,$0 
James Nunnally ,"$663,255 ",$0 ,$0 ,$0 ,$0 ,$0 
Edmond Sumner ,"$527,044 ",$0 ,$0 ,$0 ,$0 ,$0 
Andrew Bogut ,"$486,892 ",$0 ,$0 ,$0 ,$0 ,$0 
Chris Boucher ,"$457,418 ","$1,588,231 ",$0 ,$0 ,$0 ,$0 
Deonte Burton ,"$364,168 ","$1,416,852 ","$1,663,861 ",$0 ,$0 ,$0 
Andrew Harrison ,"$354,500 ",$0 ,$0 ,$0 ,$0 ,$0 
Danuel House ,"$325,077 ",$0 ,$0 ,$0 ,$0 ,$0 
Eric Moreland ,"$309,859 ",$0 ,$0 ,$0 ,$0 ,$0 
Nick Young ,"$284,020 ",$0 ,$0 ,$0 ,$0 ,$0 
Okaro White ,"$247,827 ",$0 ,$0 ,$0 ,$0 ,$0 
Jaylen Adams ,"$236,854 ","$1,416,852 ",$0 ,$0 ,$0 ,$0 
Quincy Acy ,"$213,948 ",$0 ,$0 ,$0 ,$0 ,$0 
Cam Reynolds ,"$203,694 ",$0 ,$0 ,$0 ,$0 ,$0 
Terrence Jones ,"$198,579 ",$0 ,$0 ,$0 ,$0 ,$0 
Jimmer Fredette ,"$198,579 ","$1,988,119 ",$0 ,$0 ,$0 ,$0 
Dairis Bertans ,"$194,220 ","$1,416,852 ",$0 ,$0 ,$0 ,$0 
Demetrius Jackson ,"$170,107 ","$92,857 ","$92,857 ","$92,857 ","$92,857 ",$0 
Ben Moore ,"$144,849 ",$0 ,$0 ,$0 ,$0 ,$0 
Chris Chiozza ,"$137,374 ",$0 ,$0 ,$0 ,$0 ,$0 
Johnathan Williams ,"$127,250 ",$0 ,$0 ,$0 ,$0 ,$0 
Tyler Zeller ,"$106,974 ",$0 ,$0 ,$0 ,$0 ,$0 
BJ Johnson ,"$94,741 ",$0 ,$0 ,$0 ,$0 ,$0 
Gary Payton II ,"$85,457 ",$0 ,$0 ,$0 ,$0 ,$0 
Alex Poythress ,"$77,250 ",$0 ,$0 ,$0 ,$0 ,$0 
PJ Dozier ,"$77,250 ",$0 ,$0 ,$0 ,$0 ,$0 
RJ Hunter ,"$77,250 ",$0 ,$0 ,$0 ,$0 ,$0 
Walter Lemon Jr ,"$77,250 ",$0 ,$0 ,$0 ,$0 ,$0 
Theo Pinson ,"$77,250 ",$0 ,$0 ,$0 ,$0 ,$0 
Alan Williams ,"$77,250 ",$0 ,$0 ,$0 ,$0 ,$0 
Joe Chealey ,"$77,250 ",$0 ,$0 ,$0 ,$0 ,$0 
JP Macura ,"$77,250 ",$0 ,$0 ,$0 ,$0 ,$0 
Rawle Alkins ,"$77,250 ",$0 ,$0 ,$0 ,$0 ,$0 
Brandon Sampson ,"$77,250 ",$0 ,$0 ,$0 ,$0 ,$0 
Tyler Ulis ,"$77,250 ",$0 ,$0 ,$0 ,$0 ,$0 
Deng Adel ,"$77,250 ",$0 ,$0 ,$0 ,$0 ,$0 
Jaron Blossomgame ,"$77,250 ",$0 ,$0 ,$0 ,$0 ,$0 
John Holland ,"$77,250 ",$0 ,$0 ,$0 ,$0 ,$0 
Jalen Jones ,"$77,250 ",$0 ,$0 ,$0 ,$0 ,$0 
Billy Preston ,"$77,250 ",$0 ,$0 ,$0 ,$0 ,$0 
Kostas Antetokounmpo ,"$77,250 ",$0 ,$0 ,$0 ,$0 ,$0 
Daryl Macon ,"$77,250 ",$0 ,$0 ,$0 ,$0 ,$0 
DeVaughn Akoon-Purcell ,"$77,250 ",$0 ,$0 ,$0 ,$0 ,$0 
Archie Goodwin ,"$77,250 ",$0 ,$0 ,$0 ,$0 ,$0 
Thomas Welsh ,"$77,250 ",$0 ,$0 ,$0 ,$0 ,$0 
Keenan Evans ,"$77,250 ",$0 ,$0 ,$0 ,$0 ,$0 
Zach Lofton ,"$77,250 ",$0 ,$0 ,$0 ,$0 ,$0 
Marcus Derrickson ,"$77,250 ",$0 ,$0 ,$0 ,$0 ,$0 
Damion Lee ,"$77,250 ",$0 ,$0 ,$0 ,$0 ,$0 
Vincent Edwards ,"$77,250 ",$0 ,$0 ,$0 ,$0 ,$0 
Angel Delgado ,"$77,250 ",$0 ,$0 ,$0 ,$0 ,$0 
Johnathan Motley ,"$77,250 ",$0 ,$0 ,$0 ,$0 ,$0 
Alex Caruso ,"$77,250 ",$0 ,$0 ,$0 ,$0 ,$0 
DJ Stephens ,"$77,250 ",$0 ,$0 ,$0 ,$0 ,$0 
Jarnell Stokes ,"$77,250 ",$0 ,$0 ,$0 ,$0 ,$0 
Julian Washburn ,"$77,250 ",$0 ,$0 ,$0 ,$0 ,$0 
Yuta Watanabe ,"$77,250 ",$0 ,$0 ,$0 ,$0 ,$0 
Yante Maten ,"$77,250 ",$0 ,$0 ,$0 ,$0 ,$0 
Duncan Robinson ,"$77,250 ",$0 ,$0 ,$0 ,$0 ,$0 
Bonzie Colson ,"$77,250 ",$0 ,$0 ,$0 ,$0 ,$0 
Trevon Duval ,"$77,250 ",$0 ,$0 ,$0 ,$0 ,$0 
Jaylen Morris ,"$77,250 ",$0 ,$0 ,$0 ,$0 ,$0 
Jared Terrell ,"$77,250 ",$0 ,$0 ,$0 ,$0 ,$0 
CJ Williams ,"$77,250 ",$0 ,$0 ,$0 ,$0 ,$0 
Trevon Bluiett ,"$77,250 ",$0 ,$0 ,$0 ,$0 ,$0 
Kadeem Allen ,"$77,250 ",$0 ,$0 ,$0 ,$0 ,$0 
Isaiah Hicks ,"$77,250 ",$0 ,$0 ,$0 ,$0 ,$0 
Tyler Davis ,"$77,250 ",$0 ,$0 ,$0 ,$0 ,$0 
Donte Grantham ,"$77,250 ",$0 ,$0 ,$0 ,$0 ,$0 
Troy Caupain ,"$77,250 ",$0 ,$0 ,$0 ,$0 ,$0 
Amile Jefferson ,"$77,250 ",$0 ,$0 ,$0 ,$0 ,$0 
Haywood Highsmith ,"$77,250 ",$0 ,$0 ,$0 ,$0 ,$0 
Shake Milton ,"$77,250 ",$0 ,$0 ,$0 ,$0 ,$0 
George King ,"$77,250 ",$0 ,$0 ,$0 ,$0 ,$0 
Drew Eubanks ,"$77,250 ",$0 ,$0 ,$0 ,$0 ,$0 
Jordan Loyd ,"$77,250 ",$0 ,$0 ,$0 ,$0 ,$0 
Tyler Cavanaugh ,"$77,250 ",$0 ,$0 ,$0 ,$0 ,$0 
Naz Long ,"$77,250 ",$0 ,$0 ,$0 ,$0 ,$0 
Jordan McRae ,"$77,250 ",$0 ,$0 ,$0 ,$0 ,$0 
Devin Robinson ,"$77,250 ",$0 ,$0 ,$0 ,$0 ,$0 
Kobi Simmons ,"$76,236 ",$0 ,$0 ,$0 ,$0 ,$0 
Andre Ingram ,"$76,236 ",$0 ,$0 ,$0 ,$0 ,$0 
Scotty Hopson ,"$76,236 ",$0 ,$0 ,$0 ,$0 ,$0 
Wenyen Gabriel ,"$75,000 ",$0 ,$0 ,$0 ,$0 ,$0 
Brandon Goodwin ,"$56,845 ",$0 ,$0 ,$0 ,$0 ,$0 
Jordan Sibert ,"$47,370 ",$0 ,$0 ,$0 ,$0 ,$0 
Mitchell Creek ,"$47,370 ",$0 ,$0 ,$0 ,$0 ,$0 
Tahjere McCall ,"$47,370 ",$0 ,$0 ,$0 ,$0 ,$0 
Stephan hicks ,"$47,370 ",$0 ,$0 ,$0 ,$0 ,$0 
Emanuel Terry ,"$47,370 ",$0 ,$0 ,$0 ,$0 ,$0 
Richard Solomon ,"$47,370 ",$0 ,$0 ,$0 ,$0 ,$0 
Nuni Omot ,"$20,000 ",$0 ,$0 ,$0 ,$0 ,$0 