PLAYER,TEAM,AGE,GP,W,L,MIN,PTS,FGM,FGA,FG%,3PM,3PA,3P%,FTM,FTA,FT%,OREB,DREB,REB,AST,TOV,STL,BLK,PF,FP,DD2,TD3,+/-,,,,,,,,,,,,,,,,,,,,,,,,,,
James Harden,HOU,29,71,45,26,37.2,36.2,10.8,24.8,43.8,4.8,13.3,36.2,9.7,11,87.7,0.8,5.6,6.5,7.5,5.1,2.1,0.8,3.2,58.9,30,6,3,,,,,,,,,,,,,,,,,,,,,,,,,,
Paul George,OKC,28,71,42,29,36.7,28.2,9.2,20.9,44,3.8,9.8,38.8,6,7.2,83.8,1.3,6.8,8.1,4.1,2.7,2.2,0.5,2.8,49.4,23,1,6.4,,,,,,,,,,,,,,,,,,,,,,,,,,
Stephen Curry,GSW,31,62,46,16,34.3,27.8,9.3,19.9,46.9,5.1,11.9,43.1,4,4.4,91.2,0.7,4.7,5.4,5.3,2.9,1.3,0.4,2.5,44.4,3,0,8.8,,,,,,,,,,,,,,,,,,,,,,,,,,
LeBron James,LAL,34,54,27,27,35.3,27.4,10.1,19.9,50.8,2,5.9,33.4,5.1,7.7,66.6,1.1,7.5,8.6,8.2,3.5,1.3,0.6,1.7,52.3,32,8,1.9,,,,,,,,,,,,,,,,,,,,,,,,,,
Joel Embiid,PHI,25,61,41,20,33.8,27.3,9,18.6,48.3,1.2,4,29.6,8.2,10.1,81.2,2.5,11.2,13.7,3.4,3.6,0.7,1.9,3.3,53,55,1,5.7,,,,,,,,,,,,,,,,,,,,,,,,,,
Giannis Antetokounmpo,MIL,24,68,52,16,32.9,27.3,10,17.2,58.1,0.6,2.7,24.2,6.7,9.2,72.5,2.2,10.4,12.6,6,3.9,1.3,1.5,3.3,55.9,52,5,9.1,,,,,,,,,,,,,,,,,,,,,,,,,,
Kawhi Leonard,TOR,27,55,37,18,34.3,27,9.4,18.9,49.7,1.9,5,37.5,6.3,7.3,85.9,1.3,6.1,7.4,3.3,2.1,1.9,0.4,1.5,45.6,14,0,5.7,,,,,,,,,,,,,,,,,,,,,,,,,,
Kevin Durant,GSW,30,71,49,22,35.2,26.8,9.5,18.4,51.6,1.8,5.1,35.1,6.1,6.8,88.5,0.5,6.1,6.5,5.7,3,0.8,1.1,2,45.9,15,2,7.7,,,,,,,,,,,,,,,,,,,,,,,,,,
Devin Booker,PHX,22,61,14,47,35.4,26.5,9.1,19.7,46.2,2.1,6.5,32.7,6.2,7.2,86.3,0.6,3.6,4.2,6.7,4.1,0.9,0.2,3.2,40.9,10,0,-5.5,,,,,,,,,,,,,,,,,,,,,,,,,,
Damian Lillard,POR,28,73,46,27,35.5,26.2,8.6,19.2,44.9,3,8,37.1,6,6.6,91,0.9,3.7,4.6,6.8,2.6,1.1,0.4,1.9,43.9,11,0,6,,,,,,,,,,,,,,,,,,,,,,,,,,
Bradley Beal,WAS,25,76,31,45,37.6,26,9.4,19.8,47.6,2.6,7.4,35.4,4.5,5.6,81.1,1.1,4,5.1,5.5,2.8,1.5,0.7,2.9,44.3,11,2,-1.5,,,,,,,,,,,,,,,,,,,,,,,,,,
Anthony Davis,NOP,26,56,25,31,33,25.9,9.5,18.3,51.7,0.9,2.6,33.1,6.1,7.7,79.4,3.1,8.9,12,3.9,2,1.6,2.4,2.4,56.1,37,0,2.4,,,,,,,,,,,,,,,,,,,,,,,,,,
Kemba Walker,CHA,28,74,35,39,34.9,25.2,8.7,20.5,42.6,3.2,9,35.4,4.5,5.4,83.7,0.7,3.8,4.5,5.9,2.6,1.3,0.4,1.7,42,10,0,0.9,,,,,,,,,,,,,,,,,,,,,,,,,,
Blake Griffin,DET,30,71,37,34,35.3,24.7,8.4,18,46.3,2.5,6.9,35.7,5.5,7.4,74.9,1.4,6.3,7.6,5.5,3.5,0.7,0.4,2.7,41.8,20,2,0.7,,,,,,,,,,,,,,,,,,,,,,,,,,
Karl-Anthony Towns,MIN,23,71,31,40,33.1,24.7,8.9,17.1,52.1,2,4.8,41.2,4.8,5.8,83.7,3.5,9.1,12.5,3.3,3,0.9,1.6,3.8,49.3,50,0,1,,,,,,,,,,,,,,,,,,,,,,,,,,
Kyrie Irving,BOS,27,62,33,29,33.1,23.8,9.1,18.5,49,2.5,6.4,39.8,3.2,3.6,86.7,1.1,4,5.1,7.1,2.6,1.5,0.5,2.4,44.3,21,1,4.7,,,,,,,,,,,,,,,,,,,,,,,,,,
Zach LaVine,CHI,24,63,16,47,34.5,23.7,8.4,18,46.7,1.9,5.1,37.4,5,6,83.2,0.6,4,4.7,4.5,3.4,1,0.4,2.2,36.7,2,0,-4.8,,,,,,,,,,,,,,,,,,,,,,,,,,
Donovan Mitchell,UTA,22,71,44,27,33.6,23.3,8.5,19.8,42.8,2.4,6.8,35,3.9,4.9,79.4,0.8,3.3,4.1,4.1,2.9,1.4,0.4,2.7,36.7,1,0,4.2,,,,,,,,,,,,,,,,,,,,,,,,,,
Russell Westbrook,OKC,30,66,39,27,35.9,22.9,8.6,20.2,42.5,1.6,5.5,28.7,4.1,6.3,65.2,1.4,9.6,11,10.4,4.6,2,0.5,3.4,54.6,51,29,4,,,,,,,,,,,,,,,,,,,,,,,,,,
Klay Thompson,GSW,29,71,50,21,34.4,22.1,8.6,18.4,46.9,3.1,7.8,40.1,1.8,2.2,81.8,0.5,3.5,4,2.4,1.5,1.1,0.6,2.1,34.3,0,0,3.8,,,,,,,,,,,,,,,,,,,,,,,,,,
DeMar DeRozan,SAS,29,70,39,31,35.2,21.5,8.3,17.6,47.4,0.1,0.6,15.9,4.7,5.7,82.6,0.7,5.5,6.2,6.2,2.6,1.1,0.5,2.3,40.3,12,1,-0.8,,,,,,,,,,,,,,,,,,,,,,,,,,
LaMarcus Aldridge,SAS,33,74,43,31,33.2,21.3,8.4,16.3,51.7,0.1,0.5,27.8,4.4,5.1,85.4,3,6,9.1,2.5,1.9,0.5,1.3,2.2,39.5,28,0,0.5,,,,,,,,,,,,,,,,,,,,,,,,,,
CJ McCollum,POR,27,68,41,27,34.1,21.3,8.3,17.9,46.3,2.4,6.4,38,2.3,2.8,83.1,0.9,3.2,4,2.9,1.5,0.8,0.4,2.4,32.6,1,1,4.8,,,,,,,,,,,,,,,,,,,,,,,,,,
Jrue Holiday,NOP,28,67,30,37,35.8,21.2,8.2,17.3,47.2,1.8,5.4,32.5,3.1,4,76.8,1.1,3.9,5,7.7,3.1,1.6,0.8,2.2,42.9,18,0,3.4,,,,,,,,,,,,,,,,,,,,,,,,,,
Luka Doncic,DAL,20,69,27,42,32.2,21.1,7,16.4,42.6,2.3,7.1,32.7,4.8,6.8,70.9,1.1,6.5,7.6,5.9,3.4,1.1,0.3,1.9,40,22,7,-1.6,,,,,,,,,,,,,,,,,,,,,,,,,,
Julius Randle,NOP,24,69,30,39,30.5,21,7.7,14.7,52.2,0.9,2.6,33,4.8,6.6,73,2.2,6.4,8.6,3.1,2.8,0.7,0.6,3.4,37.3,28,1,-0.1,,,,,,,,,,,,,,,,,,,,,,,,,,
Mike Conley,MEM,31,69,29,40,33.4,20.9,7,16,43.6,2.2,6.1,36.4,4.8,5.7,84.7,0.6,2.8,3.4,6.4,1.9,1.3,0.3,1.7,37.8,10,0,0,,,,,,,,,,,,,,,,,,,,,,,,,,
D'Angelo Russell,BKN,23,74,38,36,30.3,20.9,8.1,18.6,43.3,2.8,7.8,36.2,2,2.5,78.1,0.6,3.1,3.7,7,3.1,1.2,0.3,1.7,37.3,11,0,-0.4,,,,,,,,,,,,,,,,,,,,,,,,,,
Nikola Vucevic,ORL,28,74,37,37,31.4,20.8,8.8,16.9,52,1.1,2.9,36.8,2.2,2.8,79,2.8,9.3,12.1,3.9,1.9,1,1.2,1.9,45.9,55,1,2.7,,,,,,,,,,,,,,,,,,,,,,,,,,
Buddy Hield,SAC,26,74,37,37,32.1,20.8,7.6,16.7,45.6,3.4,7.9,43.1,2.1,2.4,88.3,1.4,3.8,5.2,2.5,1.9,0.7,0.4,2.6,32.1,3,0,0.7,,,,,,,,,,,,,,,,,,,,,,,,,,
John Wall,WAS,28,32,11,21,34.5,20.7,7.7,17.3,44.4,1.6,5.3,30.2,3.8,5.5,69.7,0.5,3.2,3.6,8.7,3.8,1.5,0.9,2.2,41.7,10,0,-4.8,,,,,,,,,,,,,,,,,,,,,,,,,,
Tobias Harris,PHI,26,75,43,32,34.9,20.4,7.6,15.3,49.5,2,4.8,41.3,3.3,3.8,87,0.8,7.1,7.9,2.7,1.9,0.7,0.5,2.3,35.5,15,0,0.4,,,,,,,,,,,,,,,,,,,,,,,,,,
Lou Williams,LAC,32,69,44,25,26.7,20.3,6.6,15.4,42.8,1.4,4,35.5,5.7,6.5,87.8,0.5,2.4,3,5.3,2.4,0.8,0.1,1.1,32.1,7,1,3.6,,,,,,,,,,,,,,,,,,,,,,,,,,
Nikola Jokic,DEN,24,72,49,23,31.5,20.3,7.7,15.2,50.5,1.1,3.5,32,3.8,4.6,83.1,2.9,7.9,10.8,7.5,3.1,1.3,0.7,2.8,47.4,51,12,4.1,,,,,,,,,,,,,,,,,,,,,,,,,,
Danilo Gallinari,LAC,30,63,38,25,30.5,19.8,6,13.1,46.3,2.5,5.6,43.8,5.3,5.8,90.5,0.8,5.2,6,2.5,1.4,0.7,0.3,1.9,32.4,6,0,1.7,,,,,,,,,,,,,,,,,,,,,,,,,,
John Collins,ATL,21,56,22,34,29.5,19.3,7.5,13.4,56.3,0.9,2.5,35.5,3.3,4.4,76.6,3.6,6.1,9.7,1.9,1.9,0.4,0.6,3.3,34.5,30,0,-0.8,,,,,,,,,,,,,,,,,,,,,,,,,,
Jimmy Butler,PHI,29,61,36,25,33.8,19.2,6.6,14.1,46.9,1,3,34.6,5,5.7,86.3,1.8,3.4,5.2,4.1,1.5,1.9,0.6,1.7,37.8,2,0,2.9,,,,,,,,,,,,,,,,,,,,,,,,,,
Trae Young,ATL,20,75,27,48,30.8,18.9,6.4,15.3,41.9,2,5.9,33.7,4.1,5.1,82.1,0.7,2.8,3.6,7.9,3.9,0.8,0.2,1.7,34.2,27,1,-4,,,,,,,,,,,,,,,,,,,,,,,,,,
Victor Oladipo,IND,26,36,25,11,31.9,18.8,6.9,16.3,42.3,2.1,6,34.3,2.9,3.9,73,0.6,5,5.6,5.2,2.3,1.7,0.3,2,36.9,5,0,3.5,,,,,,,,,,,,,,,,,,,,,,,,,,
Lauri Markkanen,CHI,21,52,16,36,32.3,18.7,6.6,15.3,43,2.3,6.4,36.1,3.3,3.8,87.2,1.4,7.6,9,1.4,1.6,0.7,0.6,2.3,34.1,20,0,-3.8,,,,,,,,,,,,,,,,,,,,,,,,,,
Kyle Kuzma,LAL,23,69,32,37,33.1,18.7,7.1,15.5,45.5,1.8,6,30.4,2.7,3.6,75.2,0.9,4.6,5.5,2.6,1.9,0.6,0.4,2.4,30.1,4,0,-1,,,,,,,,,,,,,,,,,,,,,,,,,,
Brandon Ingram,LAL,21,52,25,27,33.9,18.3,7,14,49.7,0.6,1.8,33,3.8,5.6,67.5,0.8,4.3,5.1,3,2.5,0.5,0.6,2.9,29.8,2,0,-1.1,,,,,,,,,,,,,,,,,,,,,,,,,,
Jamal Murray,DEN,22,67,45,22,32.9,18.1,6.8,15.7,43.3,2,5.6,36.8,2.4,2.9,85,0.9,3.3,4.2,4.8,2.2,0.8,0.4,2.1,31.7,3,0,3.7,,,,,,,,,,,,,,,,,,,,,,,,,,
Tim Hardaway Jr.,DAL,27,65,14,51,31.6,18.1,6,15.3,39.3,2.5,7.3,34,3.6,4.2,84.1,0.5,2.9,3.4,2.4,1.6,0.8,0.1,2.2,27.1,2,0,-6.2,,,,,,,,,,,,,,,,,,,,,,,,,,
Bojan Bogdanovic,IND,29,75,45,30,31.8,18,6.5,12.9,49.9,2.1,4.8,42.9,3,3.8,80.9,0.4,3.7,4.1,1.9,1.6,0.8,0,1.7,26.7,0,0,2.2,,,,,,,,,,,,,,,,,,,,,,,,,,
Derrick Rose,MIN,30,51,24,27,27.3,18,7.1,14.8,48.2,1.1,2.9,37,2.7,3.1,85.6,0.6,2.1,2.7,4.3,1.6,0.6,0.2,1.1,28.7,1,0,0.7,,,,,,,,,,,,,,,,,,,,,,,,,,
T.J. Warren,PHX,25,43,10,33,31.6,18,6.9,14.2,48.6,1.8,4.2,42.8,2.3,2.9,81.5,0.7,3.3,4,1.5,1.2,1.2,0.7,2.8,29.4,0,0,-5.2,,,,,,,,,,,,,,,,,,,,,,,,,,
Khris Middleton,MIL,27,72,53,19,31.4,17.8,6.3,14.6,43.4,2.3,6.1,37.6,2.8,3.3,83.4,0.7,5.4,6.1,4.3,2.3,1,0.1,2.3,32.7,7,0,7.3,,,,,,,,,,,,,,,,,,,,,,,,,,
Andrew Wiggins,MIN,24,65,28,37,34.8,17.7,6.6,16.5,40.4,1.6,4.7,33.2,2.8,4.1,68.8,1.1,3.7,4.8,2.4,1.8,1,0.7,2,30.1,3,0,-0.6,,,,,,,,,,,,,,,,,,,,,,,,,,
JJ Redick,PHI,34,70,46,24,31.4,17.6,5.8,13.4,43.1,3.1,7.9,39,2.9,3.3,89.9,0.3,2.1,2.4,2.7,1.3,0.4,0.2,1.7,25.1,1,0,4.1,,,,,,,,,,,,,,,,,,,,,,,,,,
Kevin Love,CLE,30,20,7,13,27.5,17.6,5,13.3,37.6,2.5,7,35.7,5.1,5.6,90.2,1.7,9.7,11.4,2.3,2,0.3,0.3,2.6,34,12,0,-1.9,,,,,,,,,,,,,,,,,,,,,,,,,,
Spencer Dinwiddie,BKN,25,61,32,29,28.4,17.5,5.6,12.5,44.9,2,5.5,35.7,4.3,5.5,79.3,0.4,2.1,2.5,4.7,2.2,0.6,0.3,2.7,27.9,2,0,-1,,,,,,,,,,,,,,,,,,,,,,,,,,
De'Aaron Fox,SAC,21,73,37,36,31.8,17.5,6.2,13.7,45.5,1.1,2.9,36.8,3.9,5.4,72.7,0.5,3.2,3.8,7.2,2.9,1.7,0.5,2.6,36.6,12,1,1.5,,,,,,,,,,,,,,,,,,,,,,,,,,
Andre Drummond,DET,25,71,36,35,33.2,17.3,7,13.4,52.4,0.1,0.5,13.5,3.1,5.2,59.8,5.3,10.1,15.4,1.3,2.1,1.6,1.6,3.4,45.3,62,0,1.9,,,,,,,,,,,,,,,,,,,,,,,,,,
Ben Simmons,PHI,22,72,47,25,34.5,17.1,6.9,12.2,56.8,0,0.1,0,3.3,5.4,60.5,2.2,6.8,9,7.8,3.5,1.4,0.8,2.6,42.6,40,10,1.4,,,,,,,,,,,,,,,,,,,,,,,,,,
Jordan Clarkson,CLE,26,74,18,56,27.4,17,6.6,14.6,44.7,1.8,5.6,32.6,2.1,2.4,84.4,1,2.4,3.4,2.4,1.7,0.7,0.2,1.4,25.6,1,0,-4.2,,,,,,,,,,,,,,,,,,,,,,,,,,
Harrison Barnes,SAC,26,69,32,37,33.1,16.9,5.8,13.7,42,2.3,6,39.2,3,3.7,83,0.8,4,4.7,1.5,1.3,0.7,0.2,1.7,26.1,4,0,-0.6,,,,,,,,,,,,,,,,,,,,,,,,,,
Pascal Siakam,TOR,24,74,52,22,32,16.8,6.5,11.8,54.9,0.9,2.5,35.6,3,3.8,78.2,1.6,5.4,6.9,3.1,1.9,1,0.7,3,32.7,16,0,7,,,,,,,,,,,,,,,,,,,,,,,,,,
Josh Richardson,MIA,25,72,35,37,35,16.7,5.8,14.2,41.2,2.3,6.3,35.7,2.8,3.2,86.1,0.8,2.9,3.6,4.1,1.6,1.1,0.5,2.8,30.3,1,0,1,,,,,,,,,,,,,,,,,,,,,,,,,,
Montrezl Harrell,LAC,25,75,45,30,26.5,16.6,6.7,10.8,61.7,0,0.2,13.3,3.2,5,64.1,2.3,4.4,6.7,1.9,1.6,0.9,1.4,3.2,32.6,17,0,1.3,,,,,,,,,,,,,,,,,,,,,,,,,,
Clint Capela,HOU,24,60,38,22,33.9,16.5,7,11,64.1,0,0,0,2.4,3.9,63.2,4.5,8.1,12.5,1.4,1.5,0.7,1.5,2.6,38.8,39,0,2,,,,,,,,,,,,,,,,,,,,,,,,,,
Collin Sexton,CLE,20,75,19,56,31.3,16.3,6.1,14.4,42.6,1.4,3.4,41.3,2.6,3.1,83.9,0.7,2.3,3,2.8,2.2,0.5,0.1,2.3,23.8,1,0,-8,,,,,,,,,,,,,,,,,,,,,,,,,,
Deandre Ayton,PHX,20,70,17,53,30.8,16.3,7.2,12.3,58.4,0,0.1,0,2,2.6,74.6,3.1,7.1,10.2,1.8,1.7,0.9,0.9,3,34.9,38,0,-5.6,,,,,,,,,,,,,,,,,,,,,,,,,,
Eric Gordon,HOU,30,61,38,23,32.2,16.2,5.6,14.1,40.1,3,8.7,34.5,1.9,2.4,78.2,0.3,2,2.3,2,1.4,0.6,0.4,2.2,23.6,0,0,3.7,,,,,,,,,,,,,,,,,,,,,,,,,,
Jayson Tatum,BOS,21,73,44,29,31.3,16,6,13.3,45.1,1.5,4,36.3,2.5,2.9,86.9,0.9,5.2,6.2,2.1,1.5,1.1,0.8,2.2,30.4,8,0,4.2,,,,,,,,,,,,,,,,,,,,,,,,,,
DeMarcus Cousins,GSW,28,24,18,6,25.9,15.9,5.8,12,48.4,0.8,2.9,25.7,3.6,4.7,76.1,1.4,6.6,8,3.7,2.4,1.3,1.5,3.7,37.2,7,0,1.3,,,,,,,,,,,,,,,,,,,,,,,,,,
Aaron Gordon,ORL,23,71,35,36,33.7,15.9,6,13.5,44,1.5,4.5,34.3,2.4,3.3,72.8,1.6,5.7,7.4,3.6,2,0.7,0.7,2.2,32.4,17,0,1.4,,,,,,,,,,,,,,,,,,,,,,,,,,
Eric Bledsoe,MIL,29,73,55,18,29.4,15.8,6,12.5,48,1.5,4.8,32.1,2.3,3,74.7,1.1,3.6,4.7,5.5,2.1,1.5,0.4,2,33,7,1,7.2,,,,,,,,,,,,,,,,,,,,,,,,,,
Rudy Gobert,UTA,26,75,45,30,31.5,15.7,5.8,8.7,66.8,0,0,0,4.1,6.4,63.8,3.9,9,12.8,2,1.6,0.8,2.2,2.8,41.7,60,0,4.3,,,,,,,,,,,,,,,,,,,,,,,,,,
Chris Paul,HOU,33,51,33,18,32.5,15.6,5.2,12.4,41.7,2.1,6.1,35,3.2,3.7,86.3,0.7,4,4.6,8.2,2.7,1.9,0.3,2.6,37.4,17,1,3.5,,,,,,,,,,,,,,,,,,,,,,,,,,
Malcolm Brogdon,MIL,26,64,49,15,28.6,15.6,5.9,11.7,50.5,1.6,3.8,42.6,2.2,2.4,92.8,1,3.5,4.5,3.2,1.4,0.7,0.2,1.6,27.2,0,0,6.6,,,,,,,,,,,,,,,,,,,,,,,,,,
Jusuf Nurkic,POR,24,72,45,27,27.4,15.6,5.8,11.5,50.8,0,0.4,10.3,3.9,5.1,77.3,3.4,7,10.4,3.2,2.3,1,1.4,3.5,37.9,36,1,5.9,,,,,,,,,,,,,,,,,,,,,,,,,,
Dennis Schroder,OKC,25,72,42,30,29.1,15.5,5.8,14.1,41.2,1.5,4.5,33.7,2.4,2.9,81,0.5,3.1,3.6,4.2,2.2,0.8,0.2,2.3,26.7,2,0,1.8,,,,,,,,,,,,,,,,,,,,,,,,,,
Reggie Jackson,DET,28,74,37,37,28.2,15.4,5.4,12.6,42.6,2.1,5.8,37.1,2.5,2.9,86.9,0.5,2,2.6,4.2,1.7,0.7,0.1,2.6,25.4,0,0,0.1,,,,,,,,,,,,,,,,,,,,,,,,,,
Jonas Valanciunas,MEM,26,47,30,17,22.1,15.3,6,10.7,56.4,0.3,1,30.4,3,3.8,79.1,2,6.4,8.3,1.4,1.7,0.3,1.1,3,29.8,15,0,1.9,,,,,,,,,,,,,,,,,,,,,,,,,,
Kelly Oubre Jr.,PHX,23,69,21,48,28,15.2,5.4,12.2,44.5,1.6,4.9,32,2.7,3.5,77.5,1,3.7,4.7,1.2,1.5,1.2,0.9,2.6,27.4,3,0,-4,,,,,,,,,,,,,,,,,,,,,,,,,,
Nikola Mirotic,MIL,28,46,24,22,27.1,15.2,5.2,11.8,43.9,2.5,6.9,36.5,2.3,2.7,84.7,1.3,6.1,7.4,1.2,1,0.7,0.7,2.3,29,11,0,2.6,,,,,,,,,,,,,,,,,,,,,,,,,,
Jeremy Lamb,CHA,26,71,34,37,28.7,15.1,5.4,12.4,43.6,1.4,4.2,34.5,2.8,3.2,88.4,0.8,4.8,5.6,2.1,1.1,1,0.4,1.8,28.3,7,0,0.2,,,,,,,,,,,,,,,,,,,,,,,,,,
Evan Fournier,ORL,26,74,37,37,31.5,14.9,5.6,13.1,43.1,2,5.7,34.4,1.6,2,81.1,0.5,2.7,3.2,3.7,2,0.9,0.1,2.9,25.4,1,0,1.6,,,,,,,,,,,,,,,,,,,,,,,,,,
Serge Ibaka,TOR,29,68,48,20,27.6,14.8,6.1,11.7,52.4,0.6,2.3,26.6,1.9,2.5,77.6,2.1,5.9,8,1.4,1.5,0.4,1.4,2.9,30.4,18,0,4,,,,,,,,,,,,,,,,,,,,,,,,,,
Emmanuel Mudiay,NYK,23,55,12,43,26.7,14.7,5.6,12.4,45.5,1.2,3.5,33.5,2.3,2.9,77.5,0.5,2.7,3.2,3.8,2.3,0.7,0.3,1.7,25.1,0,0,-5.5,,,,,,,,,,,,,,,,,,,,,,,,,,
Kyle Lowry,TOR,33,59,42,17,34.2,14.7,4.8,11.5,42,2.5,7,35.7,2.5,3,83,0.6,4.1,4.7,8.9,2.9,1.3,0.5,2.5,36.3,19,2,7.8,,,,,,,,,,,,,,,,,,,,,,,,,,
Marvin Bagley III,SAC,20,55,29,26,24.9,14.7,5.6,10.7,52.1,0.4,1.4,30.8,3,4.3,69.9,2.5,4.8,7.3,1,1.6,0.6,1,2,28,16,0,-0.9,,,,,,,,,,,,,,,,,,,,,,,,,,
Jabari Parker,WAS,24,61,17,44,27.1,14.6,5.8,11.7,49.6,1,3,31.7,2,2.8,72.5,1.2,5.4,6.7,2.4,2.4,0.7,0.4,2.2,27.3,8,0,-3.4,,,,,,,,,,,,,,,,,,,,,,,,,,
Terrence Ross,ORL,28,74,37,37,26.5,14.6,5.3,12.6,42.3,2.6,6.8,37.5,1.4,1.6,85.1,0.3,3.2,3.5,1.6,1.1,0.9,0.4,1.5,23.8,0,0,-0.8,,,,,,,,,,,,,,,,,,,,,,,,,,
Dwyane Wade,MIA,37,64,32,32,25.6,14.4,5.6,12.8,43.8,1.1,3.4,32.9,2.1,3.1,67.8,0.9,2.9,3.8,4.1,2.3,0.8,0.5,1.6,27,3,0,-1.1,,,,,,,,,,,,,,,,,,,,,,,,,,
Marcus Morris,BOS,29,70,41,29,28,14.2,5.2,11.3,45.6,2,5.2,37.8,1.9,2.2,83.4,1,5.2,6.2,1.5,1.3,0.6,0.3,2.4,25.2,5,0,1.5,,,,,,,,,,,,,,,,,,,,,,,,,,
Bobby Portis,WAS,24,44,13,31,25.7,14.1,5.5,12.3,45,1.4,3.6,39.9,1.6,2.1,78,2.1,5.7,7.8,1.4,1.5,0.6,0.4,3,27.1,11,0,-2.8,,,,,,,,,,,,,,,,,,,,,,,,,,
Domantas Sabonis,IND,22,68,41,27,24.8,14.1,5.5,9.4,58.8,0.1,0.2,53.3,2.9,4.1,71.4,2.5,6.8,9.3,2.8,2.1,0.7,0.4,3.3,30.7,27,0,3,,,,,,,,,,,,,,,,,,,,,,,,,,
Steven Adams,OKC,25,73,42,31,33.7,14,6.1,10.1,59.8,0,0,0,1.9,3.7,51.6,4.8,4.7,9.5,1.6,1.7,1.6,0.9,2.6,33.5,27,0,4.4,,,,,,,,,,,,,,,,,,,,,,,,,,
Bogdan Bogdanovic,SAC,26,62,30,32,27.9,14,5.1,12.4,41.2,1.8,5.3,34.8,1.9,2.4,82.2,0.5,3,3.5,3.8,1.7,1.1,0.2,2.2,26.1,1,0,-0.1,,,,,,,,,,,,,,,,,,,,,,,,,,
Marc Gasol,TOR,34,72,33,39,31.2,14,5.2,11.5,44.9,1.2,3.5,35,2.5,3.2,76,1,7,8,4.4,2.1,1.1,1.2,2.7,35,19,1,0.6,,,,,,,,,,,,,,,,,,,,,,,,,,
Rudy Gay,SAS,32,62,37,25,26.9,14,5.6,10.9,51,1.1,2.7,41.6,1.8,2.1,82.6,0.9,5.7,6.6,2.6,1.6,0.8,0.5,2.4,28.4,9,0,2.3,,,,,,,,,,,,,,,,,,,,,,,,,,
Goran Dragic,MIA,32,28,13,15,25.8,13.9,5,11.8,42.2,1.7,4.7,36.6,2.3,2.9,78,0.3,2.4,2.8,4.1,1.9,0.6,0.1,2.3,23.7,2,0,0.9,,,,,,,,,,,,,,,,,,,,,,,,,,
Otto Porter Jr.,CHI,25,56,25,31,30.1,13.9,5.3,11.5,46.5,1.9,4.6,40.6,1.4,1.7,81.3,1,4.6,5.6,2.1,1.2,1.5,0.6,1.9,28.8,6,0,-0.4,,,,,,,,,,,,,,,,,,,,,,,,,,
Jaren Jackson Jr.,MEM,19,58,23,35,26.1,13.8,5.1,10.2,50.6,0.9,2.4,35.9,2.6,3.4,76.6,1.3,3.4,4.7,1.1,1.7,0.9,1.4,3.8,26.3,2,0,-1.8,,,,,,,,,,,,,,,,,,,,,,,,,,
Dennis Smith Jr.,NYK,21,49,19,30,28.8,13.5,5.2,12,43.1,1.2,3.8,32.6,1.9,3,63.5,0.6,2.3,2.9,4.9,2.9,1.3,0.4,2.6,26.6,2,1,-3.2,,,,,,,,,,,,,,,,,,,,,,,,,,
Joe Harris,BKN,27,70,38,32,29.9,13.5,4.9,9.8,49.7,2.3,5,46.6,1.5,1.8,83.2,0.7,3,3.7,2.4,1.6,0.5,0.2,2.4,22.2,0,0,-1.2,,,,,,,,,,,,,,,,,,,,,,,,,,
Carmelo Anthony,HOU,34,10,4,6,29.4,13.4,4.9,12.1,40.5,2.1,6.4,32.8,1.5,2.2,68.2,0.9,4.5,5.4,0.5,0.8,0.4,0.7,3.2,23.1,0,0,-6.3,,,,,,,,,,,,,,,,,,,,,,,,,,
Taurean Prince,ATL,25,51,18,33,28.1,13.4,4.7,10.5,44.8,2.2,5.6,39.4,1.7,2,84.3,0.4,3.3,3.7,2.2,1.9,1,0.4,2.5,23.2,0,0,-4.2,,,,,,,,,,,,,,,,,,,,,,,,,,
Jerami Grant,OKC,25,73,43,30,32.5,13.3,5,10,49.9,1.3,3.4,39,2,2.8,70.9,1.2,4.1,5.3,1,0.8,0.8,1.3,2.7,26.6,4,0,3.8,,,,,,,,,,,,,,,,,,,,,,,,,,
Gary Harris,DEN,24,48,34,14,28.7,13.3,4.8,11.3,43,1.5,4.3,35.1,2.1,2.7,79.7,0.8,2.2,3,2.4,1.2,0.9,0.4,2,23.1,0,0,4.9,,,,,,,,,,,,,,,,,,,,,,,,,,
Al Horford,BOS,32,63,37,26,28.8,13.3,5.6,10.5,53.1,1.1,3.1,35.6,1.1,1.3,81,1.8,4.9,6.7,4.1,1.5,0.9,1.3,1.9,32.4,9,0,3.4,,,,,,,,,,,,,,,,,,,,,,,,,,
Robert Covington,MIN,28,35,20,15,34.4,13.3,4.5,10.3,43.1,2.4,6.4,37.8,1.9,2.5,76.4,0.8,4.7,5.5,1.3,1.3,2.1,1.3,3.6,30.9,2,0,1.8,,,,,,,,,,,,,,,,,,,,,,,,,,
Myles Turner,IND,23,68,41,27,28.6,13.2,5.2,10.7,48.3,1,2.6,37.7,1.9,2.6,72.6,1.4,5.8,7.1,1.6,1.4,0.8,2.8,2.7,33.4,15,0,1.9,,,,,,,,,,,,,,,,,,,,,,,,,,
Caris LeVert,BKN,24,33,15,18,26.5,13.2,5.1,12.1,41.9,1.1,3.8,28,2,2.8,71.7,0.8,3.1,3.9,3.9,1.8,1,0.4,2,26.1,0,0,-0.9,,,,,,,,,,,,,,,,,,,,,,,,,,
Enes Kanter,POR,26,60,23,37,23.8,13.1,5.3,9.8,54,0.2,0.5,29,2.3,2.9,80,3.6,6,9.6,1.8,1.7,0.4,0.4,2.4,27.8,27,0,-4.2,,,,,,,,,,,,,,,,,,,,,,,,,,
Cedi Osman,CLE,23,69,17,52,32.1,13,4.7,11,43,1.7,4.9,35.6,1.8,2.4,77.9,0.5,4.2,4.8,2.6,1.6,0.7,0.2,2.6,23.8,3,0,-8.3,,,,,,,,,,,,,,,,,,,,,,,,,,
Jaylen Brown,BOS,22,70,39,31,25.9,13,5,10.7,46.2,1.3,3.8,34,1.8,2.7,66.8,0.9,3.4,4.3,1.3,1.3,0.9,0.4,2.6,22.9,2,0,1.4,,,,,,,,,,,,,,,,,,,,,,,,,,
Paul Millsap,DEN,34,62,45,17,27.2,12.8,4.7,9.6,48.9,0.8,2.3,36.2,2.6,3.6,72.3,2.2,5.1,7.3,2,1.3,1.3,0.8,2.6,29.5,13,0,5.4,,,,,,,,,,,,,,,,,,,,,,,,,,
Dwight Howard,WAS,33,9,4,5,25.5,12.8,4.8,7.7,62.3,0,0,0,3.2,5.3,60.4,2.7,6.6,9.2,0.4,1.8,0.8,0.4,3.8,26.4,3,0,-5.6,,,,,,,,,,,,,,,,,,,,,,,,,,
Justise Winslow,MIA,23,61,29,32,29.7,12.7,4.9,11.3,43.6,1.5,3.8,38,1.4,2.2,62.9,1,4.5,5.4,4.3,2.1,1.1,0.3,2.6,27.6,6,0,2.1,,,,,,,,,,,,,,,,,,,,,,,,,,
Ricky Rubio,UTA,28,65,37,28,28.2,12.7,4.3,10.8,40.3,1.2,3.8,31.4,2.8,3.3,85.4,0.5,3.2,3.6,6.2,2.7,1.4,0.2,2.7,28.1,6,0,3.4,,,,,,,,,,,,,,,,,,,,,,,,,,
Kevin Knox,NYK,19,67,12,55,28.2,12.6,4.4,12,36.9,1.6,4.7,34.9,2.1,2.8,73.5,0.8,3.5,4.3,1,1.4,0.6,0.3,2.4,20.4,2,0,-8.3,,,,,,,,,,,,,,,,,,,,,,,,,,
Brook Lopez,MIL,30,75,56,19,28.6,12.5,4.4,9.7,45.7,2.4,6.4,37.4,1.3,1.5,83.6,0.4,4.4,4.8,1.2,1,0.6,2.2,2.3,27.5,2,0,7.3,,,,,,,,,,,,,,,,,,,,,,,,,,
Will Barton,DEN,28,34,23,11,28.2,12.5,4.6,11.2,41.2,1.7,4.7,36,1.6,1.9,81.8,0.9,4.1,5,3,1.6,0.5,0.5,2,24.5,1,0,1,,,,,,,,,,,,,,,,,,,,,,,,,,
Trevor Ariza,WAS,33,69,22,47,34,12.5,4.3,10.7,39.9,2.1,6.3,33.4,1.9,2.4,79.3,0.7,4.7,5.4,3.7,1.5,1.3,0.3,1.9,27.8,5,0,-4.8,,,,,,,,,,,,,,,,,,,,,,,,,,
Wesley Matthews,IND,32,65,27,38,30.5,12.5,4.1,10.3,39.9,2.2,6,37,2,2.5,81.3,0.5,2,2.5,2.3,1.3,0.8,0.3,2.4,20.8,0,0,-1.4,,,,,,,,,,,,,,,,,,,,,,,,,,
Thaddeus Young,IND,30,75,45,30,30.7,12.4,5.3,10.3,51.9,0.6,1.8,35.6,1.1,1.6,65.6,2.4,4.1,6.5,2.4,1.5,1.6,0.5,2.4,28.5,10,0,2.1,,,,,,,,,,,,,,,,,,,,,,,,,,
Hassan Whiteside,MIA,29,65,30,35,23.8,12.3,5.4,9.6,55.5,0,0.2,12.5,1.6,3.5,45.3,3.7,7.8,11.5,0.8,1.4,0.7,1.9,2.7,33.6,34,0,-0.2,,,,,,,,,,,,,,,,,,,,,,,,,,
Jeff Green,WAS,32,74,29,45,27.5,12.3,4.2,8.8,47.6,1.5,4.1,35.8,2.4,2.6,89.3,0.8,3.3,4,1.8,1.3,0.6,0.5,2.1,21.7,2,0,-1,,,,,,,,,,,,,,,,,,,,,,,,,,
Jeff Teague,MIN,30,42,23,19,30.1,12.1,4.2,9.9,42.3,0.8,2.5,33.3,2.9,3.6,80.4,0.4,2.1,2.5,8.2,2.3,1,0.4,2.1,29.5,11,0,0,,,,,,,,,,,,,,,,,,,,,,,,,,
Willie Cauley-Stein,SAC,25,74,37,37,27.5,12.1,5.2,9.4,55.3,0,0,50,1.7,3.2,53.2,2.3,6.2,8.5,2.5,1.1,1.2,0.6,2.9,30.5,21,0,0.8,,,,,,,,,,,,,,,,,,,,,,,,,,
Jae Crowder,UTA,28,74,44,30,27.5,12,4,10.1,39.9,2.2,6.6,33.1,1.8,2.5,70.8,0.8,4,4.8,1.7,1.1,0.9,0.4,2.1,22.9,3,0,2.9,,,,,,,,,,,,,,,,,,,,,,,,,,
E'Twaun Moore,NOP,30,53,21,32,27.6,11.9,4.8,10,48.1,1.4,3.3,43.2,0.8,1.1,76.3,0.7,1.7,2.4,1.9,1.1,0.8,0.2,2.1,19.3,0,0,0.2,,,,,,,,,,,,,,,,,,,,,,,,,,
Joe Ingles,UTA,31,75,45,30,31.4,11.9,4.3,9.8,44.1,2.2,5.8,38,1.1,1.5,71.4,0.4,3.6,4,5.6,2.3,1.2,0.3,2.3,27.2,5,0,5.4,,,,,,,,,,,,,,,,,,,,,,,,,,
Derrick Favors,UTA,27,74,44,30,23.4,11.8,4.8,8.2,58.4,0.2,1,22.1,2.1,3,67.6,2.7,4.7,7.4,1.2,1.1,0.7,1.4,2.2,28,15,0,2.4,,,,,,,,,,,,,,,,,,,,,,,,,,
Kent Bazemore,ATL,29,61,22,39,24.8,11.8,4.2,10.3,40.7,1.4,4.4,31.1,2,2.7,73.7,0.6,3.3,3.9,2.3,1.9,1.4,0.7,2.6,24.2,0,0,-4.6,,,,,,,,,,,,,,,,,,,,,,,,,,
JaVale McGee,LAL,31,68,31,37,22,11.7,5.2,8.4,62.3,0,0.1,12.5,1.3,2,64.2,2.5,4.8,7.3,0.6,1.4,0.6,2,2.7,27.9,12,0,-1.9,,,,,,,,,,,,,,,,,,,,,,,,,,
D.J. Augustin,ORL,31,74,37,37,27.9,11.7,3.9,8.2,47,1.6,3.8,42.3,2.4,2.7,87,0.5,1.9,2.4,5.1,1.5,0.6,0,1.4,22.7,2,0,2.2,,,,,,,,,,,,,,,,,,,,,,,,,,
Bryn Forbes,SAS,25,75,43,32,27.8,11.6,4.3,9.7,44.7,2.1,5,41.3,0.9,1,88.9,0.2,2.7,2.9,2,1,0.5,0.1,2,18.8,1,0,-0.9,,,,,,,,,,,,,,,,,,,,,,,,,,
Malik Beasley,DEN,22,72,49,23,23.6,11.4,4.3,9,48.2,2.1,5,41.3,0.7,0.7,90.6,0.4,2.1,2.5,1.2,0.6,0.7,0.1,1.5,18,0,0,2.3,,,,,,,,,,,,,,,,,,,,,,,,,,
Rodney Hood,POR,26,65,24,41,26.2,11.3,4.1,9.3,43.7,1.2,3.3,35.8,2,2.3,88.4,0.3,1.8,2.2,1.7,0.7,0.8,0.2,2.1,18.7,0,0,-4.3,,,,,,,,,,,,,,,,,,,,,,,,,,
Kris Dunn,CHI,25,46,14,32,30.2,11.3,4.7,11,42.5,0.7,2.1,35.4,1.2,1.5,79.7,0.4,3.7,4.1,6,2.3,1.5,0.5,3.6,28.7,2,0,-4.8,,,,,,,,,,,,,,,,,,,,,,,,,,
DeMarre Carroll,BKN,32,61,33,28,25.4,11.3,3.4,8.6,39.8,1.7,4.7,35.6,2.8,3.7,75.7,1,4.2,5.3,1.3,1.1,0.5,0.1,1.6,20.2,3,0,1.2,,,,,,,,,,,,,,,,,,,,,,,,,,
Darren Collison,IND,31,72,44,28,28.4,11.2,4,8.6,46.9,1.1,2.5,41.5,2.1,2.5,83.9,0.5,2.7,3.1,6,1.7,1.5,0.1,1.8,27.1,6,0,1.7,,,,,,,,,,,,,,,,,,,,,,,,,,
Jarrett Allen,BKN,20,73,38,35,26.6,11.2,4.3,7.3,58.6,0.1,0.6,14,2.5,3.6,71,2.5,6,8.4,1.4,1.3,0.6,1.5,2.4,28.4,24,0,-1.6,,,,,,,,,,,,,,,,,,,,,,,,,,
Reggie Bullock,LAL,28,61,26,35,29.9,11.1,3.8,9.4,40.8,2.3,6.2,37.1,1.2,1.4,85.5,0.4,2.4,2.7,2.1,1,0.6,0.2,1.7,18.9,0,0,-1.2,,,,,,,,,,,,,,,,,,,,,,,,,,
Dion Waiters,MIA,27,36,17,19,24.9,11.1,4.2,10,42.1,2.2,5.9,37.6,0.5,1,48.6,0.2,2.6,2.8,2.8,1.5,0.7,0.2,1.5,19.7,0,0,-0.5,,,,,,,,,,,,,,,,,,,,,,,,,,
DeAndre Jordan,NYK,30,68,25,43,29.8,11.1,4.2,6.5,64.4,0,0,0,2.7,3.8,70.4,3.3,9.9,13.2,2.2,2.2,0.6,1.1,2.4,33.1,42,0,-2.9,,,,,,,,,,,,,,,,,,,,,,,,,,
Josh Jackson,PHX,22,73,17,56,24.3,11,4.2,10.2,40.9,0.8,2.7,31.6,1.8,2.7,67.5,0.8,3.3,4.2,2.2,2.3,0.9,0.7,2.6,21.9,1,0,-4.9,,,,,,,,,,,,,,,,,,,,,,,,,,
Tristan Thompson,CLE,28,39,8,31,28.4,11,4.7,9,52.6,0,0,0,1.5,2.3,65.6,4.1,6.4,10.5,2,1.4,0.7,0.4,2.2,28.6,18,0,-6.5,,,,,,,,,,,,,,,,,,,,,,,,,,
Damyean Dotson,NYK,24,65,9,56,26.8,11,4.1,9.6,42.5,1.7,4.6,37.3,1.1,1.4,73.4,0.5,3.1,3.6,1.7,0.8,0.9,0.1,1.8,20,1,0,-4.4,,,,,,,,,,,,,,,,,,,,,,,,,,
Gordon Hayward,BOS,29,66,40,26,25.6,10.9,3.9,8.7,45,1.1,3.3,33,2,2.4,82.6,0.8,3.6,4.4,3.4,1.5,0.9,0.3,1.4,23.4,2,0,3.2,,,,,,,,,,,,,,,,,,,,,,,,,,
J.J. Barea,DAL,34,38,20,18,19.8,10.9,4.2,10.1,41.8,1,3.4,29.7,1.4,2.1,70.5,0.3,2.2,2.5,5.6,1.9,0.6,0,1.3,22.2,3,0,1.5,,,,,,,,,,,,,,,,,,,,,,,,,,
Dewayne Dedmon,ATL,29,63,24,39,25.1,10.9,4.1,8.3,49,1.3,3.4,38.1,1.5,1.8,81.4,1.7,5.9,7.5,1.4,1.3,1.1,1.1,3.3,27.3,11,0,-2.5,,,,,,,,,,,,,,,,,,,,,,,,,,
Tyler Johnson,PHX,26,57,26,31,26.8,10.9,3.8,9.2,41.3,1.6,4.6,34.6,1.7,2.2,74.8,0.6,2.4,3,2.9,1.4,0.9,0.5,1.7,21.8,0,0,-2.2,,,,,,,,,,,,,,,,,,,,,,,,,,
Allonzo Trier,NYK,23,64,13,51,22.8,10.9,3.6,8.1,44.8,0.8,2.1,39.4,2.8,3.5,80.3,0.5,2.6,3.1,1.9,1.8,0.4,0.2,1.8,17.5,2,0,-3.2,,,,,,,,,,,,,,,,,,,,,,,,,,
Fred VanVleet,TOR,25,57,40,17,27.4,10.8,3.8,9.3,40.9,1.7,4.5,37.5,1.5,1.8,84.5,0.4,2.3,2.6,4.7,1.3,0.8,0.2,1.8,23.1,1,0,3.9,,,,,,,,,,,,,,,,,,,,,,,,,,
Marco Belinelli,SAS,33,73,42,31,23.2,10.8,3.7,8.8,41.9,1.9,5.1,38.1,1.5,1.7,90.9,0.2,2.4,2.6,1.7,0.9,0.4,0.1,1.5,17.3,1,0,0.7,,,,,,,,,,,,,,,,,,,,,,,,,,
Taj Gibson,MIN,33,70,32,38,24.1,10.8,4.3,7.7,56.6,0.2,0.5,32.4,1.9,2.5,75.7,2.5,4.1,6.5,1.2,1,0.8,0.6,2.7,23.3,13,0,-1.2,,,,,,,,,,,,,,,,,,,,,,,,,,
Kenneth Faried,HOU,29,33,17,16,19.9,10.5,4.2,7.2,59.3,0.2,0.6,33.3,1.8,2.8,65.2,2.8,4.1,6.9,0.6,0.9,0.4,0.7,2.1,21.9,13,0,1.1,,,,,,,,,,,,,,,,,,,,,,,,,,
Trey Burke,DAL,26,50,12,38,19,10.5,3.9,9.3,42.3,0.9,2.5,35,1.7,2.1,83.7,0.5,1.2,1.7,2.5,0.9,0.6,0.1,1,17.7,1,0,-1.7,,,,,,,,,,,,,,,,,,,,,,,,,,
Elfrid Payton,NOP,25,36,16,20,29.3,10.5,4.2,9.6,43.5,0.8,2.3,34.5,1.3,1.8,73,1.3,4.1,5.4,7.4,2.6,1.1,0.3,2,29.7,8,6,-1.5,,,,,,,,,,,,,,,,,,,,,,,,,,
Shai Gilgeous-Alexander,LAC,20,75,45,30,26.2,10.4,3.9,8.4,46.8,0.6,1.7,36.5,1.9,2.3,80.7,0.7,2.1,2.7,3.2,1.7,1.1,0.5,2.1,21.7,1,0,-1.1,,,,,,,,,,,,,,,,,,,,,,,,,,
Alex Len,ATL,25,71,26,45,19.5,10.4,3.9,8,48.9,0.8,2.3,33.5,1.8,2.7,67,2,3.4,5.5,1,1.3,0.4,0.9,2.6,20.9,8,0,-2.3,,,,,,,,,,,,,,,,,,,,,,,,,,
Wendell Carter Jr.,CHI,19,44,10,34,25.2,10.3,4.1,8.4,48.5,0.1,0.7,18.8,2,2.5,79.5,2,5,7,1.8,1.5,0.6,1.3,3.5,25.6,7,0,-6.6,,,,,,,,,,,,,,,,,,,,,,,,,,
Kentavious Caldwell-Pope,LAL,26,75,33,42,23.8,10.3,3.5,8.2,43.1,1.7,4.9,34.7,1.6,1.8,87.6,0.6,2.2,2.8,1.1,0.7,0.9,0.2,1.6,17.7,0,0,-1.9,,,,,,,,,,,,,,,,,,,,,,,,,,
Dwight Powell,DAL,27,70,27,43,21,10.3,3.7,6.1,60.1,0.5,1.6,31.5,2.4,3.2,76.6,1.7,3.4,5.1,1.4,0.8,0.6,0.6,2.6,21.3,5,0,0.6,,,,,,,,,,,,,,,,,,,,,,,,,,
Marvin Williams,CHA,32,72,35,37,28.6,10.3,3.7,8.8,42.6,1.9,5.2,36.9,0.9,1.2,76.7,1,4.4,5.5,1.2,0.6,0.9,0.8,2.1,23.3,5,0,0.8,,,,,,,,,,,,,,,,,,,,,,,,,,
Monte Morris,DEN,23,73,50,23,24.2,10.3,4.2,8.5,49.4,1.2,2.7,42,0.7,0.9,77.3,0.5,2,2.5,3.7,0.7,0.9,0.1,1.2,20.9,1,0,2.5,,,,,,,,,,,,,,,,,,,,,,,,,,
Dario Saric,MIN,24,73,36,37,24.7,10.3,3.6,8.3,43.5,1.4,3.9,36.9,1.6,1.8,86.5,1.6,4.1,5.7,1.5,1.3,0.6,0.1,2.2,20.1,3,0,-0.7,,,,,,,,,,,,,,,,,,,,,,,,,,
Kelly Olynyk,MIA,27,71,36,35,22.7,10.2,3.4,7.2,46.7,1.5,4.1,35.9,2,2.4,81.8,0.9,3.8,4.7,1.9,1.4,0.7,0.4,2.4,20.5,3,0,1.6,,,,,,,,,,,,,,,,,,,,,,,,,,
Cody Zeller,CHA,26,49,22,27,25.4,10.1,3.9,7,55.1,0.1,0.4,27.3,2.3,2.9,78.7,2.2,4.6,6.8,2.1,1.3,0.8,0.8,3.3,25,4,0,0.9,,,,,,,,,,,,,,,,,,,,,,,,,,
Tyreke Evans,IND,29,63,38,25,20,10.1,3.7,9.5,39.1,1,3.1,34,1.6,2.2,73.9,0.5,2.3,2.8,2.5,1.7,0.9,0.3,1.7,18.8,1,0,1.9,,,,,,,,,,,,,,,,,,,,,,,,,,
Danny Green,TOR,31,73,50,23,28,10,3.6,7.8,45.6,2.4,5.4,44.4,0.5,0.5,82.5,0.8,3.3,4,1.5,0.9,0.9,0.6,2.2,20.8,1,0,7.6,,,,,,,,,,,,,,,,,,,,,,,,,,
Thomas Bryant,WAS,21,66,28,38,20,10,4,6.6,61,0.4,1.3,34.5,1.5,1.8,79.3,1.5,4.5,6,1.2,0.8,0.4,0.9,1.7,21.9,11,0,-1.7,,,,,,,,,,,,,,,,,,,,,,,,,,
Avery Bradley,MEM,28,63,31,32,30.2,9.9,3.9,9.7,40.8,1.4,3.9,35.1,0.7,0.8,86,0.7,2.1,2.8,2.4,1.4,0.7,0.3,2.7,18.2,0,0,-1.3,,,,,,,,,,,,,,,,,,,,,,,,,,
Justin Holiday,MEM,29,75,22,53,31.6,9.9,3.5,9.2,37.7,1.9,5.5,34,1.1,1.2,89.1,0.6,3.4,4,1.8,1.2,1.5,0.4,2,21.9,3,0,-5.8,,,,,,,,,,,,,,,,,,,,,,,,,,
Lonzo Ball,LAL,21,47,25,22,30.3,9.9,3.9,9.7,40.6,1.6,4.9,32.9,0.4,1,41.7,1.1,4.2,5.3,5.4,2.2,1.5,0.4,2.4,27.9,4,1,-0.3,,,,,,,,,,,,,,,,,,,,,,,,,,
Patty Mills,SAS,30,75,43,32,23.5,9.9,3.4,8.1,42.7,1.9,4.8,39.7,1.1,1.3,85.6,0.3,1.9,2.2,3,1.2,0.6,0.1,1.7,18.1,0,0,2.9,,,,,,,,,,,,,,,,,,,,,,,,,,
Danuel House Jr.,HOU,25,32,21,11,26,9.9,3.2,6.7,47.4,2,4.6,42.6,1.6,2,78.5,0.8,3,3.8,0.9,1,0.5,0.3,1.9,17.3,0,0,3,,,,,,,,,,,,,,,,,,,,,,,,,,
Nicolas Batum,CHA,30,70,32,38,32.1,9.9,3.6,7.9,45.2,1.6,4.2,39.2,1.1,1.3,86.5,1,4.3,5.3,3.4,1.6,1,0.6,1.9,24.4,0,0,-0.5,,,,,,,,,,,,,,,,,,,,,,,,,,
Derrick White,SAS,24,60,36,24,25.9,9.9,3.8,8.1,47.3,0.7,2.1,32.8,1.5,1.9,77.4,0.5,3.2,3.7,4,1.4,1.1,0.7,2.2,24,0,0,1.5,,,,,,,,,,,,,,,,,,,,,,,,,,
Jeremy Lin,TOR,30,68,26,42,19.5,9.8,3.3,7.5,44.3,0.8,2.6,29.1,2.4,2.9,83.7,0.3,2.1,2.4,3.2,1.7,0.6,0.2,2,18.2,1,0,-2.7,,,,,,,,,,,,,,,,,,,,,,,,,,
Luke Kennard,DET,22,56,26,30,22.8,9.7,3.7,8.3,44.1,1.6,4.2,39,0.8,0.9,81.1,0.2,2.7,2.9,1.8,0.9,0.4,0.2,1.5,16.9,0,0,1,,,,,,,,,,,,,,,,,,,,,,,,,,
Markieff Morris,OKC,29,51,19,32,22.6,9.7,3.6,8.5,42,1.2,3.6,33.5,1.3,1.7,77,1,3.6,4.6,1.4,1,0.6,0.4,3.1,19.5,1,0,-3.4,,,,,,,,,,,,,,,,,,,,,,,,,,
Nemanja Bjelica,SAC,30,70,36,34,23.6,9.6,3.7,7.8,47.4,1.4,3.4,40.3,0.9,1.2,75.9,1.7,4.4,6.1,2,1.1,0.7,0.8,2.6,23.4,9,0,1.7,,,,,,,,,,,,,,,,,,,,,,,,,,
Allen Crabbe,BKN,26,43,19,24,26.4,9.6,3.2,8.7,36.7,2.3,6,37.8,1,1.3,73.2,0.4,3.1,3.4,1.1,1.1,0.5,0.3,2.4,16.8,1,0,0.1,,,,,,,,,,,,,,,,,,,,,,,,,,
Jonathan Isaac,ORL,21,69,33,36,26.7,9.5,3.5,8,43.3,1.1,3.4,32.1,1.5,1.8,81.7,1.2,4.2,5.4,1.1,1,0.8,1.3,1.9,22.8,3,0,0.3,,,,,,,,,,,,,,,,,,,,,,,,,,
Kadeem Allen,NYK,26,15,2,13,22.1,9.5,3.5,7.6,46.5,0.9,1.8,48.1,1.6,2.1,75,0.5,2.1,2.6,3.7,1.3,0.9,0.1,2.6,19.9,0,0,-3,,,,,,,,,,,,,,,,,,,,,,,,,,
Tony Parker,CHA,36,56,30,26,17.9,9.5,3.8,8.3,46,0.2,0.9,25.5,1.6,2.2,73.4,0.3,1.2,1.5,3.7,1.3,0.4,0.1,0.9,16.9,1,0,0.3,,,,,,,,,,,,,,,,,,,,,,,,,,
Kevin Huerter,ATL,20,69,25,44,27.2,9.5,3.6,8.6,41.3,1.8,4.7,37.8,0.6,0.8,74.1,0.8,2.5,3.2,2.8,1.5,0.9,0.3,2.1,19.6,1,0,-1.3,,,,,,,,,,,,,,,,,,,,,,,,,,
Gerald Green,HOU,33,69,44,25,20.6,9.4,3.2,8,40.1,2.1,6.1,35.2,0.8,1,83.8,0.4,2.1,2.6,0.6,0.8,0.5,0.4,1.7,15.1,0,0,2.1,,,,,,,,,,,,,,,,,,,,,,,,,,
Shabazz Napier,BKN,27,54,25,29,17.4,9.4,3,7.7,38.9,1.3,3.9,32.9,2.1,2.6,83.3,0.3,1.5,1.7,2.5,1.2,0.8,0.3,1.2,17.2,1,0,-0.1,,,,,,,,,,,,,,,,,,,,,,,,,,
Wayne Ellington,DET,31,45,22,23,23.2,9.4,3.1,7.8,39.9,2.5,6.6,38.3,0.6,0.8,79.4,0.2,1.6,1.8,1.3,0.8,1,0.1,1.7,15.9,0,0,-1.3,,,,,,,,,,,,,,,,,,,,,,,,,,
Malik Monk,CHA,21,65,30,35,17.3,9.4,3.2,8.4,38.7,1.6,4.6,33.4,1.4,1.5,89.8,0.2,1.5,1.7,1.6,1.3,0.5,0.2,1.5,14.8,0,0,-0.9,,,,,,,,,,,,,,,,,,,,,,,,,,
Al-Farouq Aminu,POR,28,74,47,27,28.6,9.4,3.2,7.2,44.3,1.2,3.5,35,1.8,2.1,85.7,1.4,6.1,7.5,1.3,0.9,0.9,0.4,1.8,23.2,9,0,4.8,,,,,,,,,,,,,,,,,,,,,,,,,,
Larry Nance Jr.,CLE,26,60,16,44,26.2,9.3,3.7,7,52.4,0.5,1.4,34.5,1.5,2.1,70.4,2.4,5.3,7.8,3.1,1.4,1.5,0.6,2.9,28,13,0,-4.8,,,,,,,,,,,,,,,,,,,,,,,,,,
Robin Lopez,CHI,30,68,19,49,21.3,9.3,4,7,56.7,0.1,0.4,24,1.2,1.6,73,1.9,2,3.9,1.2,1.3,0.2,1.1,1.8,18,2,0,-1.2,,,,,,,,,,,,,,,,,,,,,,,,,,
Terry Rozier,BOS,25,72,42,30,23,9.2,3.4,8.6,39.1,1.5,4.4,35.2,0.9,1.2,78.8,0.4,3.5,4,2.9,0.8,0.9,0.3,1.3,21.1,1,0,0.2,,,,,,,,,,,,,,,,,,,,,,,,,,
JaMychal Green,LAC,28,60,28,32,20.9,9.1,3.4,7.1,48.1,1,2.5,38.7,1.3,1.6,79.2,1.6,4.7,6.3,0.7,1.4,0.7,0.5,3,20.1,5,0,-3.6,,,,,,,,,,,,,,,,,,,,,,,,,,
Alec Burks,SAC,27,62,19,43,22,9,3.1,7.6,40.5,1,2.7,36.3,1.9,2.3,82.3,0.5,3.3,3.7,2,1,0.6,0.3,1.5,18.4,1,0,-4.9,,,,,,,,,,,,,,,,,,,,,,,,,,
Landry Shamet,LAC,22,72,48,24,22.2,9,3,6.9,43.4,2.1,4.9,42,1,1.2,83.3,0.3,1.4,1.6,1.3,0.5,0.5,0.1,1.9,14.2,0,0,1.2,,,,,,,,,,,,,,,,,,,,,,,,,,
Jalen Brunson,DAL,22,66,23,43,21.1,9,3.5,7.4,47.3,0.9,2.4,36.1,1.1,1.5,75,0.4,1.9,2.3,2.9,1.2,0.5,0.1,1.7,16.6,1,0,-0.8,,,,,,,,,,,,,,,,,,,,,,,,,,
Marcus Smart,BOS,25,74,44,30,27.6,8.9,3,7.1,42.3,1.6,4.3,36.3,1.3,1.6,80.2,0.7,2.3,3,4.1,1.5,1.8,0.4,2.5,23.4,1,0,2.2,,,,,,,,,,,,,,,,,,,,,,,,,,
Tomas Satoransky,WAS,27,74,31,43,26.9,8.9,3.2,6.6,49.1,0.8,2,39.3,1.6,1.9,82.5,1,2.5,3.5,4.9,1.5,1,0.2,2.2,22.7,7,1,-0.9,,,,,,,,,,,,,,,,,,,,,,,,,,
Rondae Hollis-Jefferson,BKN,24,56,26,30,20.9,8.8,3.3,8,41.3,0.2,0.8,19.1,2,3.1,64.9,1.3,3.7,5,1.6,1.1,0.7,0.5,1.8,19.7,2,0,-0.6,,,,,,,,,,,,,,,,,,,,,,,,,,
Trey Lyles,DEN,23,58,40,18,17.9,8.8,3.3,7.9,41.9,0.8,3.1,25.3,1.3,1.9,70,0.7,3.2,3.9,1.4,1.1,0.5,0.4,1.5,17.1,0,0,0.2,,,,,,,,,,,,,,,,,,,,,,,,,,
Rajon Rondo,LAL,33,41,16,25,29.3,8.8,3.6,9,40.6,1,2.8,36,0.5,0.7,66.7,0.7,4.4,5.2,7.7,2.7,1.1,0.1,2.3,27.5,12,1,-4.8,,,,,,,,,,,,,,,,,,,,,,,,,,
Ish Smith,DET,30,48,29,19,22.2,8.7,3.5,8.6,41.4,0.8,2.5,33.9,0.8,1.1,76.5,0.5,2.1,2.6,3.5,1.1,0.6,0.2,1.9,18.4,0,0,2.5,,,,,,,,,,,,,,,,,,,,,,,,,,
Rodions Kurucs,BKN,21,56,32,24,20.7,8.7,3.3,7,46.7,0.9,2.8,33.5,1.2,1.4,82.7,0.9,2.9,3.8,0.8,1.2,0.7,0.4,2.4,16.5,2,0,0.5,,,,,,,,,,,,,,,,,,,,,,,,,,
Ivica Zubac,LAC,22,52,29,23,17.2,8.7,3.5,6.3,54.7,0,0,0,1.8,2.2,80.5,2,4,6,1.1,1.2,0.2,0.8,2.3,19.5,7,0,0.8,,,,,,,,,,,,,,,,,,,,,,,,,,
Kyle Korver,UTA,38,69,38,31,19.1,8.6,2.9,6.9,41.9,2,5,39.8,0.8,1,81.7,0.1,2.2,2.3,1.1,0.8,0.4,0.2,1.5,13.9,0,0,1.6,,,,,,,,,,,,,,,,,,,,,,,,,,
Bam Adebayo,MIA,21,74,36,38,22.9,8.6,3.2,5.7,57.3,0,0.1,9.1,2.1,2.8,73.3,2,5,7,2.3,1.5,0.8,0.8,2.5,23.8,8,0,0.4,,,,,,,,,,,,,,,,,,,,,,,,,,
Langston Galloway,DET,27,72,37,35,21.6,8.4,2.9,7.2,39.9,1.7,4.7,36.7,0.9,1.1,84,0.6,1.5,2.1,1.1,0.3,0.4,0.1,1.7,13.9,0,0,0.8,,,,,,,,,,,,,,,,,,,,,,,,,,
Noah Vonleh,NYK,23,68,13,55,25.3,8.4,3,6.5,47,0.7,2,33.6,1.6,2.3,71.2,1.7,6.1,7.8,1.9,1.3,0.7,0.8,2.6,23.5,18,0,-4.3,,,,,,,,,,,,,,,,,,,,,,,,,,
Norman Powell,TOR,25,53,39,14,18.6,8.4,3.2,6.6,47.6,1,2.8,37.4,1,1.3,82.1,0.3,2,2.3,1.5,1.1,0.6,0.2,1.6,14.8,0,0,-0.4,,,,,,,,,,,,,,,,,,,,,,,,,,
Darius Miller,NOP,29,68,30,38,25.6,8.3,2.8,7.1,38.9,1.9,5.3,36.5,0.8,1,78.6,0.2,1.7,1.9,2.1,0.9,0.6,0.3,2.4,15.6,0,0,0.2,,,,,,,,,,,,,,,,,,,,,,,,,,
Austin Rivers,HOU,26,69,39,30,26.9,8.2,3.1,7.6,40.5,1.4,4.3,31.6,0.7,1.3,53.3,0.4,1.8,2.2,2.2,1,0.6,0.3,2.8,16,0,0,0.9,,,,,,,,,,,,,,,,,,,,,,,,,,
Markelle Fultz,ORL,20,19,12,7,22.5,8.2,3.4,8.2,41.9,0.2,0.7,28.6,1.1,1.9,56.8,1.4,2.3,3.7,3.1,1.3,0.9,0.3,2.7,19.4,0,0,-0.4,,,,,,,,,,,,,,,,,,,,,,,,,,
Frank Jackson,NOP,20,61,22,39,19.2,8.1,3.2,7.3,43.4,0.9,2.8,31.4,0.9,1.2,74,0.4,1.8,2.2,1.1,0.8,0.4,0,1.5,13,0,0,-2.2,,,,,,,,,,,,,,,,,,,,,,,,,,
Mario Hezonja,NYK,24,53,11,42,19.9,8.1,3,7.5,39.8,0.7,2.5,28.4,1.4,1.8,75,0.5,3.3,3.8,1.2,1.3,0.9,0.2,1.8,16.3,0,0,-3.7,,,,,,,,,,,,,,,,,,,,,,,,,,
DeAndre' Bembry,ATL,24,75,27,48,23.7,8.1,3.3,7.4,44,0.6,2.1,29.3,0.9,1.5,61.9,0.6,3.6,4.3,2.5,1.7,1.3,0.5,2.3,20.5,2,0,-2.8,,,,,,,,,,,,,,,,,,,,,,,,,,
Mikal Bridges,PHX,22,76,17,59,28.8,8.1,2.8,6.6,42.9,1.3,3.8,33.3,1.1,1.4,79.2,0.7,2.5,3.2,2.1,0.9,1.6,0.4,2.4,20.4,0,0,-4.7,,,,,,,,,,,,,,,,,,,,,,,,,,
Kyle Anderson,MEM,25,43,19,24,29.8,8,3.5,6.4,54.3,0.2,0.8,26.5,0.9,1.5,57.8,1.1,4.7,5.8,3,1.3,1.3,0.9,2.6,24.5,2,1,-1.4,,,,,,,,,,,,,,,,,,,,,,,,,,
Richaun Holmes,PHX,25,68,15,53,16.5,8,3.1,5,60.8,0,0,0,1.9,2.5,73.8,1.6,2.9,4.6,0.8,0.8,0.6,1.1,2.7,19.2,4,0,-2.6,,,,,,,,,,,,,,,,,,,,,,,,,,
Garrett Temple,LAC,32,68,34,34,27.7,8,2.8,6.8,42,1.2,3.6,33.9,1.1,1.4,74.2,0.4,2.5,2.9,1.4,0.9,1,0.4,2.8,16.8,0,0,-1.5,,,,,,,,,,,,,,,,,,,,,,,,,,
Davis Bertans,SAS,26,69,39,30,21.6,7.9,2.7,5.9,44.9,2,4.5,43.8,0.7,0.8,87,0.3,3.2,3.6,1.3,0.5,0.4,0.5,1.8,16.4,0,0,3.6,,,,,,,,,,,,,,,,,,,,,,,,,,
Delon Wright,MEM,26,68,42,26,21.3,7.9,3,7,42.8,0.6,2.1,28.4,1.3,1.6,81.7,0.9,2.2,3.1,2.9,1,1.1,0.4,1.3,19.2,1,0,0.2,,,,,,,,,,,,,,,,,,,,,,,,,,
Rodney McGruder,MIA,27,63,31,32,23.9,7.9,2.9,7.1,40.7,1.3,3.5,35.6,0.8,1.1,74.3,0.9,2.7,3.6,1.7,1,0.6,0.2,1.8,16,2,0,-0.8,,,,,,,,,,,,,,,,,,,,,,,,,,
Mason Plumlee,DEN,29,73,50,23,20.7,7.9,3.2,5.3,60.5,0,0.1,25,1.4,2.5,55.5,2.1,4.2,6.3,2.9,1.6,0.8,0.9,3.1,23.3,8,0,1.7,,,,,,,,,,,,,,,,,,,,,,,,,,
James Johnson,MIA,32,47,24,23,21,7.9,3,7,42.9,0.9,2.7,34.6,0.9,1.3,71.2,0.4,2.9,3.3,2.3,1.3,0.7,0.5,2,17.6,0,0,-2.1,,,,,,,,,,,,,,,,,,,,,,,,,,
Josh Hart,LAL,24,67,31,36,25.6,7.8,2.8,6.9,40.7,1.4,4.1,33.6,0.8,1.2,68.8,0.5,3.2,3.7,1.4,0.9,1,0.6,2.2,18.2,4,0,0,,,,,,,,,,,,,,,,,,,,,,,,,,
Josh Okogie,MIN,20,66,29,37,23.4,7.7,2.7,6.9,38.3,0.8,3,27.3,1.6,2.2,72.4,0.6,2.4,3,1.2,1,1.1,0.5,2.3,16.9,1,0,-0.3,,,,,,,,,,,,,,,,,,,,,,,,,,
Isaiah Thomas,DEN,30,10,6,4,14.7,7.7,2.8,7.7,36.4,0.9,3.4,26.5,1.2,1.9,63.2,0.5,0.7,1.2,1.7,1.7,0.3,0.1,1.4,11.2,0,0,-2.7,,,,,,,,,,,,,,,,,,,,,,,,,,
Patrick Beverley,LAC,30,75,45,30,27.6,7.7,2.5,6.1,41.2,1.4,3.5,40.2,1.3,1.6,78.5,1,4,5,3.8,1,0.9,0.6,3.4,22.7,6,0,1.7,,,,,,,,,,,,,,,,,,,,,,,,,,
Iman Shumpert,HOU,28,57,34,23,24.1,7.6,2.7,7.4,37.1,1.6,4.5,34.9,0.6,0.7,82.9,0.5,2.5,3,1.9,0.8,1,0.4,2.1,17.4,0,0,-1.5,,,,,,,,,,,,,,,,,,,,,,,,,,
Shelvin Mack,CHA,28,56,22,34,22.1,7.6,2.9,7.1,40.6,0.8,2.3,35.4,1,1.5,69.5,0.3,1.5,1.9,3.3,1.1,0.8,0.1,1.5,16.3,0,0,-4.1,,,,,,,,,,,,,,,,,,,,,,,,,,
Dillon Brooks,MEM,23,18,9,9,18.3,7.5,2.7,6.8,40.2,0.8,2.2,37.5,1.2,1.7,73.3,0.5,1.2,1.7,0.9,1.1,0.6,0.2,2.8,12.2,0,0,-0.9,,,,,,,,,,,,,,,,,,,,,,,,,,
Frank Kaminsky,CHA,25,39,18,21,14.7,7.5,2.6,5.6,46.6,0.9,2.6,35.3,1.3,1.8,72.2,0.9,2.3,3.2,1.3,0.8,0.2,0.2,1.3,13.6,1,0,0.2,,,,,,,,,,,,,,,,,,,,,,,,,,
Ante Zizic,CLE,22,53,13,40,18.4,7.4,3,5.5,53.6,0,0,0,1.5,2.1,71.4,1.7,3.6,5.4,0.8,1,0.2,0.4,2,16,3,0,-1,,,,,,,,,,,,,,,,,,,,,,,,,,
Vince Carter,ATL,42,70,24,46,17.2,7.4,2.6,6.1,43.2,1.7,4.1,40.8,0.5,0.8,67.3,0.4,2.1,2.5,1.1,0.6,0.6,0.3,1.9,14.2,0,0,-2.2,,,,,,,,,,,,,,,,,,,,,,,,,,
Jake Layman,POR,25,63,40,23,18.5,7.4,3,5.8,51,0.8,2.6,32.7,0.6,0.9,71.4,0.8,2.3,3.1,0.7,0.7,0.4,0.5,1.6,14.3,1,0,1,,,,,,,,,,,,,,,,,,,,,,,,,,
Dorian Finney-Smith,DAL,25,74,29,45,24.9,7.4,2.7,6.3,43.5,1,3.1,32.2,0.9,1.3,70.4,1.7,3.1,4.7,1.1,0.9,0.9,0.5,2.3,17.9,1,0,-1.5,,,,,,,,,,,,,,,,,,,,,,,,,,
PJ Tucker,HOU,33,75,47,28,34.8,7.4,2.6,6.4,39.8,1.8,4.7,37.7,0.5,0.7,67.3,1.5,4.5,6,1.2,0.8,1.7,0.5,3.1,22,3,0,2,,,,,,,,,,,,,,,,,,,,,,,,,,
Seth Curry,POR,28,68,44,24,18.2,7.4,2.7,5.9,45.5,1.4,3.2,44.9,0.6,0.7,85.7,0.4,1.2,1.6,0.9,0.8,0.5,0.2,1.4,11.7,0,0,1.5,,,,,,,,,,,,,,,,,,,,,,,,,,
Willy Hernangomez,CHA,24,52,28,24,14.2,7.3,2.7,5.1,53.2,0.3,0.7,44.1,1.6,2.3,66.9,2.1,3.5,5.5,1,1,0.2,0.4,1.8,16.3,4,0,-1.4,,,,,,,,,,,,,,,,,,,,,,,,,,
Antonio Blakeney,CHI,22,54,14,40,14.4,7.3,2.9,6.9,41.8,0.6,1.6,41.7,0.9,1.3,67.6,0.1,1.7,1.8,0.7,0.6,0.2,0.2,0.7,11,0,0,-2.8,,,,,,,,,,,,,,,,,,,,,,,,,,
Jahlil Okafor,NOP,23,53,21,32,14.5,7.3,3.2,5.5,57,0,0.1,0,1,1.5,65.4,1.3,3,4.4,0.6,0.8,0.2,0.6,1.7,15.3,5,0,-2.5,,,,,,,,,,,,,,,,,,,,,,,,,,
Maurice Harkless,POR,25,53,32,21,23.1,7.3,3,6.2,47.9,0.6,2,29.2,0.7,1.1,66.7,1.2,3.1,4.3,1.2,0.7,1.1,0.8,2.7,19.2,1,0,3.7,,,,,,,,,,,,,,,,,,,,,,,,,,
Lance Stephenson,LAL,28,64,31,33,16.1,7.2,2.7,6.3,43.4,1,2.8,37.5,0.8,1.1,69,0.5,2.6,3,2.1,1.3,0.6,0.1,1.6,14.9,0,0,-1.9,,,,,,,,,,,,,,,,,,,,,,,,,,
Derrick Jones Jr.,MIA,22,54,28,26,19.1,7.2,2.8,5.6,49,0.5,1.6,32.6,1.1,2,58.5,1.7,2.4,4.1,0.6,0.7,0.8,0.7,2.1,16.8,0,0,-0.3,,,,,,,,,,,,,,,,,,,,,,,,,,
Bruno Caboclo,MEM,23,27,11,16,22.1,7.1,2.5,5.9,42.1,1.2,3.4,34.4,1,1.2,81.8,1.3,3,4.3,1.3,1,0.4,0.9,2.3,17.1,2,0,0.4,,,,,,,,,,,,,,,,,,,,,,,,,,
Luol Deng,MIN,33,22,11,11,17.8,7.1,2.7,5.4,50,0.6,2,31.8,1.1,1.6,71.4,0.9,2.4,3.3,0.8,0.6,0.7,0.4,1.1,14.8,0,0,4,,,,,,,,,,,,,,,,,,,,,,,,,,
OG Anunoby,TOR,21,64,44,20,20.3,7.1,2.8,6.1,45.6,1,3,33.8,0.5,0.9,56.7,0.9,2.1,3,0.7,0.8,0.7,0.3,2.1,14,0,0,-0.7,,,,,,,,,,,,,,,,,,,,,,,,,,
Draymond Green,GSW,29,59,42,17,31.4,7.1,2.7,6.3,43.5,0.7,2.5,27.4,1,1.4,67.9,0.9,6.4,7.3,6.9,2.6,1.4,1,3.2,31,7,0,5.6,,,,,,,,,,,,,,,,,,,,,,,,,,
Joakim Noah,MEM,34,42,14,28,16.5,7.1,2.6,5.1,51.6,0,0,0,1.9,2.6,71.6,1.4,4.3,5.7,2.1,1.2,0.5,0.7,2.3,19.5,4,0,0.1,,,,,,,,,,,,,,,,,,,,,,,,,,
Miles Bridges,CHA,21,72,34,38,20,7.1,2.8,6.1,46,0.8,2.4,32.4,0.7,1,73.9,0.8,3.1,3.9,1,0.6,0.7,0.6,1.4,16.3,1,0,-1,,,,,,,,,,,,,,,,,,,,,,,,,,
Doug McDermott,IND,27,70,40,30,17.1,7.1,2.6,5.2,48.9,1.1,2.7,40.4,0.9,1,84.5,0.2,1.2,1.4,0.8,0.6,0.2,0.1,1.3,10.4,0,0,2.1,,,,,,,,,,,,,,,,,,,,,,,,,,
Harry Giles III,SAC,20,58,26,32,14.1,7,3,6,50.3,0,0.1,0,1,1.6,63.7,1.1,2.7,3.8,1.5,1.3,0.5,0.4,2.6,15.3,0,0,-1.8,,,,,,,,,,,,,,,,,,,,,,,,,,
Maxi Kleber,DAL,27,65,27,38,21,7,2.5,5.5,46,1.1,3.1,35.3,0.8,1,79.4,1.3,3.2,4.5,1,0.8,0.5,1.1,2,18,3,0,0.7,,,,,,,,,,,,,,,,,,,,,,,,,,
Michael Kidd-Gilchrist,CHA,25,58,27,31,18.9,7,2.6,5.4,48.2,0.2,0.7,29.3,1.6,2.1,76.9,1.5,2.5,4,0.9,0.7,0.5,0.7,2.5,15.9,1,0,-0.8,,,,,,,,,,,,,,,,,,,,,,,,,,
George Hill,MIL,32,53,35,18,21.4,7,2.6,5.9,44.6,0.8,2.4,32,1,1.2,83.6,0.6,1.7,2.4,2.2,0.8,0.9,0.1,1.7,15.4,0,0,2.6,,,,,,,,,,,,,,,,,,,,,,,,,,
Michael Beasley,LAL,30,26,11,15,10.7,7,2.9,5.9,49,0.1,0.7,17.6,1.1,1.5,71.8,0.5,1.8,2.3,1,1,0.3,0.4,1.6,12.3,0,0,-1.5,,,,,,,,,,,,,,,,,,,,,,,,,,
Ersan Ilyasova,MIL,31,61,46,15,18,6.9,2.6,5.7,45.2,0.9,2.4,38.2,0.9,1,82.8,1.5,2.9,4.4,0.8,0.7,0.5,0.3,2.5,15.2,3,0,3.9,,,,,,,,,,,,,,,,,,,,,,,,,,
Boban Marjanovic,PHI,30,50,27,23,11.3,6.9,2.5,4.2,60.8,0,0.1,25,1.8,2.4,75,1.6,3,4.5,0.8,1.1,0.3,0.5,1.5,14.7,6,0,0,,,,,,,,,,,,,,,,,,,,,,,,,,
Dante Exum,UTA,23,42,21,21,15.8,6.9,2.4,5.7,41.9,0.4,1.5,29,1.6,2,79.1,0.4,1.2,1.6,2.6,1.2,0.3,0.1,1.6,12.8,1,0,1.1,,,,,,,,,,,,,,,,,,,,,,,,,,
James Ennis III,PHI,28,55,34,21,21.4,6.9,2.4,5.1,48,1,2.7,35.3,1,1.4,74.7,1,2,3,0.6,0.6,0.7,0.4,2.6,14.2,0,0,-0.2,,,,,,,,,,,,,,,,,,,,,,,,,,
Wayne Selden,CHI,24,69,26,43,18.9,6.8,2.6,6.2,41.1,0.7,2.3,32.7,1,1.3,74.4,0.5,1.7,2.2,1.4,1,0.4,0.2,1.8,12.5,1,0,-3.3,,,,,,,,,,,,,,,,,,,,,,,,,,
Terrance Ferguson,OKC,20,67,39,28,26.1,6.8,2.5,5.9,42,1.4,3.9,36.3,0.4,0.6,70,0.4,1.4,1.8,0.9,0.6,0.6,0.2,3.2,12.2,0,0,2.6,,,,,,,,,,,,,,,,,,,,,,,,,,
JR Smith,CLE,33,11,1,10,20.2,6.7,2.5,7.2,34.2,1.1,3.5,30.8,0.7,0.9,80,0,1.6,1.6,1.9,1,1,0.3,1.7,14.4,0,0,-1.3,,,,,,,,,,,,,,,,,,,,,,,,,,
Stanley Johnson,NOP,22,63,27,36,18.2,6.7,2.5,6.6,38.3,0.9,3.3,28,0.7,1,77,0.5,2.8,3.3,1.3,1.2,0.9,0.2,1.7,14.8,0,0,-2.6,,,,,,,,,,,,,,,,,,,,,,,,,,
Mitchell Robinson,NYK,20,58,13,45,19,6.7,2.8,4.1,68.2,0,0,0,1.1,1.9,58.3,2.6,3.1,5.7,0.6,0.5,0.7,2.4,3.3,23.4,8,0,-2.4,,,,,,,,,,,,,,,,,,,,,,,,,,
David Nwaba,CLE,26,44,14,30,19.3,6.6,2.5,5.1,48.4,0.5,1.6,33.3,1.2,1.8,66.3,0.8,2.3,3.1,1.1,0.5,0.7,0.4,2.1,14.7,0,0,-0.2,,,,,,,,,,,,,,,,,,,,,,,,,,
Cory Joseph,IND,27,75,45,30,25.3,6.6,2.8,6.7,41.9,0.7,2.1,32.9,0.3,0.5,66.7,0.5,3,3.4,3.8,1,1.1,0.3,1.6,19.7,1,0,2.9,,,,,,,,,,,,,,,,,,,,,,,,,,
Evan Turner,POR,30,66,42,24,22.2,6.6,2.8,6.2,45.1,0.1,0.7,15.2,0.9,1.3,69.7,0.5,3.8,4.3,3.7,1.6,0.5,0.2,1.6,17.9,1,0,0.2,,,,,,,,,,,,,,,,,,,,,,,,,,
MarShon Brooks,MEM,30,29,15,14,13.3,6.6,2.6,5.8,45,0.5,1.9,27.8,0.8,1.1,69.7,0.4,1.1,1.6,0.9,0.7,0.3,0.1,1.1,10.3,0,0,-0.8,,,,,,,,,,,,,,,,,,,,,,,,,,
Chandler Parsons,MEM,30,19,9,10,18.9,6.5,2.5,6.6,37.3,1,3.7,27.1,0.6,0.7,84.6,0.2,2.7,2.8,1.5,1.2,0.8,0.2,1.8,13.8,0,0,-0.8,,,,,,,,,,,,,,,,,,,,,,,,,,
Zach Collins,POR,21,69,45,24,17.6,6.5,2.4,5.1,46.5,0.5,1.6,31.8,1.2,1.6,75.2,1.4,2.8,4.2,1,0.9,0.3,0.8,2.4,15.5,0,0,-0.1,,,,,,,,,,,,,,,,,,,,,,,,,,
Mike Muscala,LAL,27,58,32,26,19.7,6.5,2.1,5.3,38.4,1.3,3.8,32.7,1.1,1.4,81.5,0.9,2.8,3.7,1.2,0.7,0.3,0.6,2.1,14.5,1,0,0.3,,,,,,,,,,,,,,,,,,,,,,,,,,
Justin Jackson,DAL,24,73,32,41,19.2,6.5,2.4,5.6,42.7,1,2.9,33.5,0.7,0.9,78.5,0.5,2,2.5,1.1,0.4,0.4,0.2,1.2,12.4,0,0,-1,,,,,,,,,,,,,,,,,,,,,,,,,,
Pat Connaughton,MIL,26,54,39,15,19.7,6.5,2.5,5.5,45.6,1.1,3.2,33.1,0.4,0.6,73.3,0.9,3,3.9,2,0.5,0.5,0.4,1.3,16.4,0,0,2.3,,,,,,,,,,,,,,,,,,,,,,,,,,
Dwayne Bacon,CHA,23,35,16,19,15.4,6.4,2.4,5.1,46.9,0.8,1.5,50,0.8,1.2,70.7,0.2,1.9,2.1,1,0.4,0.3,0.1,1.5,11.1,0,0,0.7,,,,,,,,,,,,,,,,,,,,,,,,,,
CJ Miles,MEM,32,53,33,20,16.2,6.4,2.1,5.9,36,1.3,3.8,33,0.9,1.1,82.8,0.2,1.5,1.8,0.7,0.6,0.5,0.3,1.5,11.3,0,0,-0.3,,,,,,,,,,,,,,,,,,,,,,,,,,
Jamal Crawford,PHX,39,59,11,48,17.8,6.4,2.2,6.1,36.1,0.8,2.8,29.1,1.2,1.4,83.1,0.1,1.1,1.2,3.4,1.5,0.5,0.2,1.2,13.3,0,0,-5.9,,,,,,,,,,,,,,,,,,,,,,,,,,
Dirk Nowitzki,DAL,40,43,13,30,14,6.3,2.2,6.1,36.6,1.1,3.6,32,0.7,1,76.2,0.1,2.3,2.4,0.6,0.3,0.2,0.3,1.5,11.4,0,0,-1.4,,,,,,,,,,,,,,,,,,,,,,,,,,
Ryan Arcidiacono,CHI,25,75,21,54,24.3,6.3,2.2,4.9,44.3,1,2.7,37.3,1,1.2,86.2,0.3,2.3,2.6,3.3,0.8,0.8,0.1,2.1,16.3,0,0,-2.5,,,,,,,,,,,,,,,,,,,,,,,,,,
Tyus Jones,MIN,22,60,26,34,21.9,6.3,2.5,6.1,39.9,0.6,1.8,32.1,0.8,1,81.7,0.4,1.6,1.9,4.4,0.7,1.2,0.1,1.1,18.5,2,0,0.1,,,,,,,,,,,,,,,,,,,,,,,,,,
Alex Caruso,LAL,25,18,4,14,16.5,6.3,1.9,4.3,44.9,0.7,1.5,44.4,1.7,2.2,79.5,0.7,1.5,2.2,1.6,0.8,0.7,0.4,2.1,13.6,0,0,2.1,,,,,,,,,,,,,,,,,,,,,,,,,,
Omri Casspi,MEM,30,36,14,22,14.5,6.3,2.4,4.5,53.4,0.4,1.2,34.9,1.1,1.6,67.2,0.5,2.7,3.2,0.7,0.6,0.6,0.3,1,13,0,0,0.5,,,,,,,,,,,,,,,,,,,,,,,,,,
Jonas Jerebko,GSW,32,66,46,20,16.8,6.3,2.2,4.8,46.3,0.9,2.5,36.3,0.9,1.1,81.3,1,3.1,4.1,1.3,0.6,0.3,0.2,1.8,14.2,1,0,1.3,,,,,,,,,,,,,,,,,,,,,,,,,,
Jonathon Simmons,PHI,29,53,24,29,18.9,6.3,2.3,6.2,36.8,0.4,1.8,24.2,1.3,1.8,74.2,0.5,1.7,2.2,2.1,1.2,0.5,0.3,1.7,13.1,0,0,-3,,,,,,,,,,,,,,,,,,,,,,,,,,
Brandon Knight,CLE,27,32,17,15,16.7,6.3,2.3,6.2,37.6,1,3.3,30.5,0.6,0.8,80,0.2,1.2,1.3,1.8,0.6,0.5,0,1.4,11.5,0,0,-2.9,,,,,,,,,,,,,,,,,,,,,,,,,,
Cameron Payne,CLE,24,40,7,33,17.8,6.3,2.4,5.6,43,0.6,2.1,29.8,0.8,1,80.5,0.3,1.5,1.8,2.7,1.1,0.7,0.2,1.6,14,0,0,-5.6,,,,,,,,,,,,,,,,,,,,,,,,,,
T.J. McConnell,PHI,27,68,42,26,19.6,6.2,2.8,5.4,52.3,0.2,0.6,30.8,0.4,0.5,80,0.4,1.9,2.3,3.5,1.3,1.1,0.2,1.4,17,0,0,0.1,,,,,,,,,,,,,,,,,,,,,,,,,,
Mo Bamba,ORL,20,47,19,28,16.3,6.2,2.5,5.2,48.1,0.4,1.5,30,0.8,1.3,58.7,1.4,3.6,5,0.8,0.9,0.3,1.4,2.2,17.4,1,0,-5.1,,,,,,,,,,,,,,,,,,,,,,,,,,
Troy Daniels,PHX,27,45,11,34,13.8,6.2,2.2,5.1,43.2,1.4,3.6,38.4,0.4,0.5,78.3,0.3,1.1,1.4,0.5,0.6,0.5,0.1,1.5,9.9,0,0,-1,,,,,,,,,,,,,,,,,,,,,,,,,,
Kevon Looney,GSW,23,72,50,22,19.1,6.2,2.7,4.2,62.8,0,0.1,10,0.9,1.4,61.2,2.5,2.9,5.4,1.6,0.7,0.5,0.7,2.7,18.1,1,0,3.9,,,,,,,,,,,,,,,,,,,,,,,,,,
Quinn Cook,GSW,26,66,43,23,13.7,6.2,2.5,5.6,44.4,1,2.6,38,0.3,0.3,77.3,0.3,1.8,2.1,1.5,0.6,0.3,0,1.2,11.3,0,0,-1.7,,,,,,,,,,,,,,,,,,,,,,,,,,
Juancho Hernangomez,DEN,23,65,43,22,20,6.2,2.1,4.7,44.1,1,2.7,36.5,1,1.3,76.7,1,3,4,0.8,0.6,0.4,0.4,1.4,13.8,4,0,0.4,,,,,,,,,,,,,,,,,,,,,,,,,,
Devin Harris,DAL,36,61,25,36,15.2,6.1,1.9,4.9,38.4,0.9,2.8,31.2,1.5,1.9,76.3,0.2,1.4,1.6,1.7,0.8,0.6,0.2,1.9,12,0,0,-1.6,,,,,,,,,,,,,,,,,,,,,,,,,,
Luke Kornet,NYK,23,38,6,32,15.1,6.1,2,5.5,35.7,1.3,3.8,35.7,0.8,1,81.1,0.5,1.9,2.4,1,0.5,0.6,0.6,0.8,13.6,0,0,-1.2,,,,,,,,,,,,,,,,,,,,,,,,,,
Shaquille Harrison,CHI,25,67,19,48,18.9,6.1,2.3,5.4,43.2,0.3,1.2,25.6,1.1,1.7,66.7,0.4,2.4,2.8,1.9,0.8,1.2,0.3,1.7,16.2,1,0,-3.3,,,,,,,,,,,,,,,,,,,,,,,,,,
Isaiah Canaan,MIL,27,30,10,20,20.9,6,2.1,5.5,39,1.1,3.2,35.4,0.6,0.8,79.2,0.2,1.7,1.9,2.8,1.2,0.5,0.1,1.7,13,0,0,-5.8,,,,,,,,,,,,,,,,,,,,,,,,,,
Sam Dekker,WAS,24,42,14,28,16.1,6,2.5,5.2,49.3,0.4,1.1,31.9,0.6,1,58.5,1,2.1,3.2,1,0.5,0.8,0.2,0.9,13.7,0,0,-0.8,,,,,,,,,,,,,,,,,,,,,,,,,,
Tony Snell,MIL,27,74,55,19,17.6,6,2.2,4.9,45.2,1.1,2.8,39.7,0.5,0.6,88.1,0.4,1.7,2.1,0.9,0.3,0.4,0.2,1.2,11.4,0,0,2.3,,,,,,,,,,,,,,,,,,,,,,,,,,
Nik Stauskas,CLE,25,62,33,29,15.2,6,2,5,40.6,1,2.8,36.4,0.9,1,90,0.3,1.6,1.9,1.3,0.8,0.3,0.1,0.8,10.6,0,0,-3.6,,,,,,,,,,,,,,,,,,,,,,,,,,
Omari Spellman,ATL,21,46,15,31,17.5,5.9,2.1,5.3,40.2,1,2.8,34.4,0.7,1,71.1,1.6,2.7,4.2,1,0.7,0.6,0.5,1.5,15.2,4,0,-4.4,,,,,,,,,,,,,,,,,,,,,,,,,,
Kenrich Williams,NOP,24,40,15,25,22.5,5.9,2.3,5.9,38.6,1.1,3.2,33.6,0.3,0.4,64.7,1.2,3.6,4.8,1.6,0.8,0.9,0.3,2.1,16.8,1,0,-2.4,,,,,,,,,,,,,,,,,,,,,,,,,,
Wilson Chandler,LAC,31,44,32,12,23.8,5.9,2.3,5.4,41.8,1.1,3,35.8,0.3,0.4,72.2,1.1,3.2,4.3,1.7,0.9,0.6,0.5,2.4,15.7,0,0,3.1,,,,,,,,,,,,,,,,,,,,,,,,,,
Matthew Dellavedova,CLE,28,48,20,28,16.9,5.9,2,5,40.5,0.9,2.7,33.8,0.9,1.1,80.8,0.1,1.5,1.6,3.8,1.4,0.3,0,1.6,13,0,0,-1.3,,,,,,,,,,,,,,,,,,,,,,,,,,
Furkan Korkmaz,PHI,21,46,29,17,14.2,5.8,2,5.1,40.2,1,3,33.1,0.8,0.9,83.3,0.3,1.9,2.3,1.1,0.5,0.6,0,1.3,11.7,0,0,1.1,,,,,,,,,,,,,,,,,,,,,,,,,,
Daniel Theis,BOS,26,60,34,26,13.9,5.8,2.3,4.1,55.3,0.4,1.1,41.3,0.9,1.2,73.6,1.4,2.2,3.5,1.1,0.6,0.3,0.6,2.5,13.9,1,0,2,,,,,,,,,,,,,,,,,,,,,,,,,,
Ed Davis,BKN,29,74,38,36,18.1,5.8,2.3,3.8,60.9,0,0,0,1.2,1.9,60.1,2.7,6,8.7,0.8,0.8,0.5,0.4,2.9,19.2,6,0,1.4,,,,,,,,,,,,,,,,,,,,,,,,,,
Cheick Diallo,NOP,22,58,25,33,13.3,5.8,2.5,4.1,60.5,0,0.1,0,0.8,1.1,73.4,1.1,3.8,4.9,0.4,0.7,0.5,0.6,1.6,14.7,8,0,-0.9,,,,,,,,,,,,,,,,,,,,,,,,,,
Jerryd Bayless,MIN,30,29,12,17,19.3,5.8,2.3,6.7,34.5,0.9,3,28.7,0.3,0.6,47.1,0.3,1.6,1.9,3.2,1,0.5,0.1,1.6,13.7,2,0,-4.4,,,,,,,,,,,,,,,,,,,,,,,,,,
Andre Iguodala,GSW,35,64,45,19,23.4,5.8,2.2,4.4,50,0.7,2.1,33.6,0.6,1,59.4,0.7,3.1,3.8,3.1,0.7,0.9,0.8,1.5,19.3,0,0,4.7,,,,,,,,,,,,,,,,,,,,,,,,,,
Meyers Leonard,POR,27,56,32,24,14.3,5.8,2.1,3.9,53.2,0.9,1.9,45.3,0.7,0.9,83.3,0.8,3,3.8,1.2,0.7,0.2,0.2,1.7,12.5,1,0,-1.3,,,,,,,,,,,,,,,,,,,,,,,,,,
Torrey Craig,DEN,28,66,46,20,20.3,5.7,2.2,5,43.5,0.8,2.6,30.8,0.6,0.9,67.2,1.2,2.4,3.6,0.9,0.7,0.5,0.6,2.3,14.2,2,0,0.8,,,,,,,,,,,,,,,,,,,,,,,,,,
Troy Williams,SAC,24,18,7,11,15.9,5.7,2.2,4.8,46,0.8,2.3,34.1,0.5,0.8,60,0.5,2.6,3.1,0.6,0.4,0.6,0.4,1.9,12.8,0,0,-2.4,,,,,,,,,,,,,,,,,,,,,,,,,,
Frank Ntilikina,NYK,20,43,9,34,21,5.7,2.2,6.6,33.7,0.8,2.7,28.7,0.5,0.7,76.7,0.3,1.7,2,2.8,1.3,0.7,0.3,2.4,14.1,0,0,-4.3,,,,,,,,,,,,,,,,,,,,,,,,,,
Jodie Meeks,TOR,31,3,2,1,9.6,5.7,2.3,5,46.7,1,2.7,37.5,0,0,0,0,1.3,1.3,0.3,0,0,0.3,0.7,8.8,0,0,-1,,,,,,,,,,,,,,,,,,,,,,,,,,
John Henson,CLE,28,14,10,4,13.5,5.6,2.2,4.8,46.3,0.8,2.2,35.5,0.4,0.7,60,1.1,3.9,5.1,1,0.9,0.5,0.8,1.1,16.2,0,0,0.1,,,,,,,,,,,,,,,,,,,,,,,,,,
Yogi Ferrell,SAC,25,63,31,32,14.4,5.6,2,4.8,42.5,0.7,2,35.4,0.8,0.9,89.5,0.2,1.4,1.6,1.9,0.5,0.5,0.1,0.8,11.4,0,0,-1.2,,,,,,,,,,,,,,,,,,,,,,,,,,
Jakob Poeltl,SAS,23,70,38,32,16.4,5.5,2.5,3.8,64.2,0,0,0,0.6,1.2,52.4,2.3,3.1,5.4,1.2,0.7,0.3,0.8,1.6,16.7,1,0,1.5,,,,,,,,,,,,,,,,,,,,,,,,,,
Mike Scott,PHI,30,72,40,32,16.9,5.5,2,5.1,38.9,1.2,3.1,39.1,0.3,0.4,64.5,0.6,2.9,3.4,0.8,0.6,0.4,0.2,1.9,11.8,0,0,0.8,,,,,,,,,,,,,,,,,,,,,,,,,,
Aaron Holiday,IND,22,45,28,17,11.6,5.5,2,4.9,39.8,0.8,2.4,32.4,0.8,0.9,87.8,0.1,1.2,1.3,1.5,0.7,0.4,0.3,1.2,10.5,0,0,1.9,,,,,,,,,,,,,,,,,,,,,,,,,,
Chasson Randle,WAS,26,43,18,25,14.8,5.5,1.9,4.3,43.5,0.9,2.2,41.1,0.8,1.2,69.2,0.2,0.9,1.1,1.9,0.9,0.5,0,1.9,10.4,0,0,-1.5,,,,,,,,,,,,,,,,,,,,,,,,,,
Corey Brewer,SAC,33,23,11,12,15.7,5.4,1.9,4.3,43.9,0.4,1.7,26.3,1.3,1.7,74.4,0.5,1.6,2,1.2,0.5,0.9,0.2,2.1,12.6,0,0,0.3,,,,,,,,,,,,,,,,,,,,,,,,,,
Gorgui Dieng,MIN,29,68,30,38,12.6,5.4,2.1,4.3,48.6,0.2,0.7,30.4,1.1,1.3,83,1,2.9,3.9,0.8,0.6,0.6,0.5,1.7,14,0,0,-1.3,,,,,,,,,,,,,,,,,,,,,,,,,,
Damian Jones,GSW,23,24,15,9,17.1,5.4,2.2,3.1,71.6,0,0,0,1,1.5,64.9,1.3,1.8,3.1,1.2,0.7,0.5,1,2.6,14.9,0,0,0.7,,,,,,,,,,,,,,,,,,,,,,,,,,
Sterling Brown,MIL,24,51,41,10,16.2,5.4,2.1,4.6,46,0.8,2.3,35.9,0.4,0.5,66.7,0.5,2.5,3,1.3,0.7,0.4,0.1,1.4,11.8,0,0,-0.1,,,,,,,,,,,,,,,,,,,,,,,,,,
Ian Clark,NOP,28,54,22,32,14.1,5.4,2,5.2,39.1,0.9,2.7,31.5,0.5,0.6,90.3,0.2,1.1,1.3,1.4,0.9,0.3,0.1,1.5,9.4,0,0,-0.7,,,,,,,,,,,,,,,,,,,,,,,,,,
Raul Neto,UTA,26,34,23,11,12.7,5.4,2,4.3,47.3,0.6,1.6,33.9,0.7,0.9,86.2,0.1,1.6,1.7,2.5,0.9,0.4,0.1,1.3,11.7,0,0,4.8,,,,,,,,,,,,,,,,,,,,,,,,,,
Jordan McRae,WAS,28,23,8,15,10.6,5.3,2,4.1,50,0.3,0.9,40,0.9,1.1,80.8,0.3,1,1.3,0.5,0.4,0.4,0.2,0.7,9.1,0,0,-0.7,,,,,,,,,,,,,,,,,,,,,,,,,,
Alex Abrines,OKC,25,31,21,10,19,5.3,1.8,5.1,35.7,1.3,4.1,32.3,0.4,0.4,92.3,0.2,1.4,1.5,0.6,0.5,0.5,0.2,1.7,9.9,0,0,0.9,,,,,,,,,,,,,,,,,,,,,,,,,,
Elie Okobo,PHX,21,47,5,42,17.8,5.3,2,5.3,37.5,0.7,2.4,27.2,0.7,0.9,77.5,0.2,1.7,1.9,2.4,1.3,0.6,0.1,2.1,12.1,0,0,-3.8,,,,,,,,,,,,,,,,,,,,,,,,,,
Aron Baynes,BOS,32,45,28,17,15.1,5.3,2,4.2,47.1,0.4,1.2,32.1,1,1.2,83.3,1.6,2.6,4.2,1.1,0.8,0.2,0.6,2.5,13.7,0,0,3,,,,,,,,,,,,,,,,,,,,,,,,,,
Ivan Rabb,MEM,22,42,17,25,13,5.3,2.2,3.8,57.9,0,0.2,20,0.9,1.2,70.6,1.3,2.4,3.8,0.9,0.7,0.3,0.3,1.6,12.1,3,0,-1.5,,,,,,,,,,,,,,,,,,,,,,,,,,
D.J. Wilson,MIL,23,41,33,8,17.2,5.3,2,4.8,41.5,0.9,2.4,36,0.4,0.9,50,0.9,3.3,4.1,0.9,0.6,0.4,0.5,1.7,13.5,1,0,2.3,,,,,,,,,,,,,,,,,,,,,,,,,,
Henry Ellenson,NYK,22,13,2,11,12.9,5.2,1.8,4.8,36.5,0.8,2.2,39.3,0.8,1.1,78.6,0.3,3.3,3.6,1,0.5,0.5,0,1.2,11.9,0,0,-0.9,,,,,,,,,,,,,,,,,,,,,,,,,,
Chandler Hutchison,CHI,22,44,10,34,20.3,5.2,2.2,4.8,45.9,0.3,1.1,28,0.5,0.9,60.5,0.7,3.5,4.2,0.8,0.6,0.5,0.1,1.3,12.8,1,0,-2.6,,,,,,,,,,,,,,,,,,,,,,,,,,
Royce O'Neale,UTA,25,75,45,30,19.8,5.1,1.9,4.1,47.7,0.8,2,39.9,0.4,0.5,75.6,0.3,3.2,3.5,1.5,0.8,0.7,0.3,2,13.6,1,0,1.5,,,,,,,,,,,,,,,,,,,,,,,,,,
Alex Poythress,ATL,25,21,7,14,14.5,5.1,1.9,3.9,49.4,0.4,1.1,39.1,0.9,1.4,62.1,1.4,2.2,3.6,0.8,0.6,0.2,0.5,2.2,12,0,0,-3.6,,,,,,,,,,,,,,,,,,,,,,,,,,
Jalen Jones,CLE,25,16,3,13,13.4,5.1,1.6,3.9,41.9,0.6,1.8,35.7,1.2,1.7,70.4,0.7,1.4,2.1,0.4,0.5,0.6,0.1,1.7,9.8,0,0,-1.6,,,,,,,,,,,,,,,,,,,,,,,,,,
Luc Mbah a Moute,LAC,32,4,2,2,15.3,5,2,4.5,44.4,0.5,1.5,33.3,0.5,1.3,40,0.5,1.3,1.8,0.5,0.5,0.3,0.3,2,8.9,0,0,2.8,,,,,,,,,,,,,,,,,,,,,,,,,,
Treveon Graham,BKN,25,29,15,14,21.3,5,1.8,5.4,32.9,0.9,3.6,26.2,0.5,0.6,77.8,0.7,2.5,3.1,1,0.5,0.4,0.2,2.2,11.7,0,0,-0.2,,,,,,,,,,,,,,,,,,,,,,,,,,
Thon Maker,DET,22,56,40,16,14.1,5,1.7,4.1,42.1,0.8,2.3,32.6,0.8,1.3,62.5,0.6,2.4,3.1,0.7,0.5,0.3,0.7,1.6,12.2,0,0,0,,,,,,,,,,,,,,,,,,,,,,,,,,
Marcin Gortat,LAC,35,47,25,22,16,5,2.1,4,53.2,0,0,0,0.7,1,72.9,1.4,4.1,5.6,1.4,1.1,0.1,0.5,2,14.5,1,0,-2.1,,,,,,,,,,,,,,,,,,,,,,,,,,
Theo Pinson,BKN,23,15,5,10,12.5,4.9,1.5,4.2,34.9,0.7,2.6,28.2,1.3,1.5,86.4,0.1,2,2.1,1.3,1,0.3,0,0.9,9.4,0,0,-0.1,,,,,,,,,,,,,,,,,,,,,,,,,,
Nerlens Noel,OKC,24,70,43,27,13.8,4.9,2.1,3.7,57.6,0,0,0,0.7,1,67.1,1.6,2.7,4.3,0.6,0.6,0.9,1.2,2.2,16.7,2,0,-0.6,,,,,,,,,,,,,,,,,,,,,,,,,,
Tyler Dorsey,MEM,23,41,8,33,12,4.9,1.8,4.4,40.2,0.7,2.1,34.1,0.7,1.2,56.3,0.5,1.6,2.1,0.9,0.4,0.3,0,1,9.4,0,0,0.2,,,,,,,,,,,,,,,,,,,,,,,,,,
Donte DiVincenzo,MIL,22,27,20,7,15.2,4.9,1.9,4.6,40.3,0.8,3.1,26.5,0.3,0.4,75,0.6,1.8,2.4,1.1,0.7,0.5,0.2,1.4,10.9,0,0,4,,,,,,,,,,,,,,,,,,,,,,,,,,
Frank Mason,SAC,24,35,16,19,11.5,4.8,1.7,4.2,41.5,0.3,1.5,20.8,1,1.5,67.9,0.1,1,1.1,2.3,0.9,0.5,0.1,0.8,10.5,0,0,-3.5,,,,,,,,,,,,,,,,,,,,,,,,,,
Anthony Tolliver,MIN,33,57,24,33,16.1,4.8,1.5,3.9,38.2,1.2,3.2,36.8,0.7,0.8,81.3,0.2,2.4,2.6,0.7,0.5,0.2,0.3,1.4,10.1,0,0,-0.7,,,,,,,,,,,,,,,,,,,,,,,,,,
De'Anthony Melton,PHX,20,45,12,33,19.5,4.8,1.9,5.1,38,0.6,2,30.8,0.3,0.4,75,0.5,2.2,2.6,3.2,1.5,1.4,0.4,2.3,16.7,0,0,-3.7,,,,,,,,,,,,,,,,,,,,,,,,,,
Greg Monroe,BOS,28,39,26,13,10.9,4.8,1.9,4.2,46.3,0,0.1,0,0.9,1.6,57.4,1.6,2.5,4.1,0.4,0.8,0.3,0.2,1.6,11.1,0,0,-2,,,,,,,,,,,,,,,,,,,,,,,,,,
Shake Milton,PHI,22,14,7,7,10.6,4.8,1.9,3.9,48.1,0.8,2,39.3,0.3,0.4,80,0.5,1,1.5,0.9,0.2,0.3,0.2,1.2,9.3,0,0,-0.2,,,,,,,,,,,,,,,,,,,,,,,,,,
Johnathan Williams,LAL,23,17,6,11,13.4,4.8,2,3.6,54.8,0,0.1,0,0.8,1.6,46.4,1.6,1.6,3.2,0.4,0.6,0.2,0.3,2.6,10.3,1,0,0.6,,,,,,,,,,,,,,,,,,,,,,,,,,
Devin Robinson,WAS,24,4,1,3,8,4.8,2,3.3,61.5,0,0,0,0.8,1.5,50,0.5,1.3,1.8,0.5,0,0.8,0.3,0.5,10.6,0,0,1.3,,,,,,,,,,,,,,,,,,,,,,,,,,
Keita Bates-Diop,MIN,23,22,7,15,15.8,4.7,1.9,4.5,42.9,0.3,1.6,16.7,0.6,1,63.6,0.5,2,2.5,0.5,0.4,0.5,0.5,0.9,11.1,0,0,-2.1,,,,,,,,,,,,,,,,,,,,,,,,,,
Wes Iwundu,ORL,24,61,31,30,18,4.7,1.5,4,38.2,0.3,1.1,31.8,1.3,1.6,81,0.6,2.2,2.8,1,0.7,0.4,0.3,1.9,11.1,0,0,-0.2,,,,,,,,,,,,,,,,,,,,,,,,,,
Alfonzo McKinnie,GSW,26,64,47,17,13.7,4.7,1.9,3.9,48.6,0.6,1.6,35,0.4,0.6,57.5,1.2,2.3,3.4,0.4,0.4,0.2,0.2,1.9,10.3,1,0,0.3,,,,,,,,,,,,,,,,,,,,,,,,,,
Johnathan Motley,LAC,23,18,11,7,7.5,4.7,1.7,3.5,49.2,0,0.2,0,1.2,1.9,64.7,0.8,1.4,2.2,0.4,0.8,0.2,0.1,1.3,8.2,0,0,-2.3,,,,,,,,,,,,,,,,,,,,,,,,,,
Jared Dudley,BKN,33,53,25,28,20.6,4.7,1.7,4,42,0.9,2.5,34.6,0.4,0.7,63.9,0.5,2.1,2.5,1.4,0.8,0.6,0.3,2.3,11.7,0,0,0.4,,,,,,,,,,,,,,,,,,,,,,,,,,
Devonte' Graham,CHA,24,38,14,24,13.9,4.6,1.6,4.4,34.9,0.7,2.5,28.1,0.8,1.1,73.2,0.2,1.1,1.3,2.5,0.6,0.5,0.1,1.1,11,0,0,-2.6,,,,,,,,,,,,,,,,,,,,,,,,,,
Michael Carter-Williams,ORL,27,21,12,9,11,4.6,1.6,4,39.8,0.4,1.3,33.3,1,1.9,52.5,0.3,1.5,1.9,1.8,0.7,0.6,0.5,1.6,11.9,0,0,-1.8,,,,,,,,,,,,,,,,,,,,,,,,,,
Tim Frazier,MIL,28,52,23,29,18.1,4.5,1.7,3.9,43.3,0.5,1.6,32.9,0.6,0.8,78,0.6,2.1,2.7,4,1.2,0.5,0.1,1.9,14.3,2,0,-0.8,,,,,,,,,,,,,,,,,,,,,,,,,,
Malcolm Miller,TOR,26,6,5,1,6,4.5,1.5,3,50,1.5,2.7,56.3,0,0,0,0,0.3,0.3,0.2,0,0.2,0,0.3,5.7,0,0,0.2,,,,,,,,,,,,,,,,,,,,,,,,,,
Christian Wood,NOP,23,15,11,4,6.8,4.5,1.5,2.6,56.4,0.3,0.7,50,1.2,1.9,62.1,0.5,1.5,2,0.3,0.3,0.2,0.4,0.3,8.7,0,0,-1.3,,,,,,,,,,,,,,,,,,,,,,,,,,
Khem Birch,ORL,26,43,21,22,12.4,4.5,1.6,2.7,60,0,0,0,1.3,1.8,71.1,1.5,2.2,3.7,0.7,0.4,0.3,0.5,1.3,12.3,1,0,0.9,,,,,,,,,,,,,,,,,,,,,,,,,,
Miles Plumlee,ATL,30,18,1,17,9.6,4.4,1.8,2.7,66.7,0,0,0,0.9,1.7,53.3,0.9,1.3,2.2,0.9,0.6,0.3,0.2,0.8,9.6,0,0,-2.4,,,,,,,,,,,,,,,,,,,,,,,,,,
Lance Thomas,NYK,30,41,6,35,16.5,4.4,1.7,4.2,39.8,0.5,1.7,30,0.6,0.8,77.4,0.5,1.9,2.4,0.6,0.5,0.4,0.1,1.9,9.2,0,0,-4.3,,,,,,,,,,,,,,,,,,,,,,,,,,
Bismack Biyombo,CHA,26,46,20,26,14.1,4.4,1.7,2.8,58.5,0,0,0,1.1,1.7,65.4,1.5,3,4.5,0.5,0.6,0.2,0.9,2,13.2,3,0,-2.4,,,,,,,,,,,,,,,,,,,,,,,,,,
Raymond Felton,OKC,34,26,14,12,11.5,4.4,1.7,4.3,40.5,0.5,1.7,26.7,0.5,0.5,92.3,0.2,0.8,1,1.6,0.5,0.3,0.2,0.9,9.1,0,0,0.1,,,,,,,,,,,,,,,,,,,,,,,,,,
Bruce Brown,DET,22,66,31,35,19.5,4.3,1.7,4.4,39,0.3,1.3,25.6,0.6,0.8,71.7,0.7,1.9,2.5,1.2,0.6,0.5,0.5,2.5,11.4,0,0,-1,,,,,,,,,,,,,,,,,,,,,,,,,,
Marquese Chriss,CLE,21,36,17,19,11.6,4.3,1.6,4.1,38.1,0.4,1.8,25,0.7,1,69.4,0.9,2.3,3.1,0.6,0.9,0.3,0.3,1.9,9.9,1,0,-4.1,,,,,,,,,,,,,,,,,,,,,,,,,,
Moritz Wagner,LAL,21,36,11,25,8.8,4.3,1.5,3.4,42.7,0.5,1.7,30,0.8,1.1,76.3,0.4,1.3,1.7,0.6,0.8,0.3,0.2,1.1,7.8,0,0,-2.3,,,,,,,,,,,,,,,,,,,,,,,,,,
Jerian Grant,ORL,26,57,27,30,16.2,4.2,1.6,3.7,42,0.7,1.8,36.5,0.5,0.7,68.4,0.3,1.4,1.7,2.7,0.9,0.8,0.1,1.3,12.1,0,0,-2.8,,,,,,,,,,,,,,,,,,,,,,,,,,
Shaun Livingston,GSW,33,58,40,18,15.3,4.2,1.8,3.5,50.7,0,0,0,0.7,0.8,81.6,0.7,1.2,1.9,1.9,0.6,0.5,0.4,1.2,11.4,0,0,0.8,,,,,,,,,,,,,,,,,,,,,,,,,,
Jaron Blossomgame,CLE,25,27,4,23,16.3,4.2,1.7,3.9,44.3,0.4,1.4,25.6,0.4,0.5,76.9,1,2.7,3.6,0.5,0.4,0.3,0.3,0.7,10.6,1,0,-1.6,,,,,,,,,,,,,,,,,,,,,,,,,,
Andrew Bogut,GSW,34,5,4,1,14.3,4.2,1.8,4.2,42.9,0,0,0,0.6,0.6,100,1.2,4.2,5.4,1.8,0.6,0.2,0.6,2.2,15.2,0,0,-5.8,,,,,,,,,,,,,,,,,,,,,,,,,,
Damion Lee,GSW,26,27,14,13,11,4.2,1.5,3.5,43.2,0.7,1.9,37.3,0.4,0.6,80,0.3,1.4,1.7,0.2,0.4,0.4,0,1,7.3,0,0,-2,,,,,,,,,,,,,,,,,,,,,,,,,,
Brandon Sampson,CHI,21,8,2,6,12.5,4.1,1.6,3.3,50,0.5,1.9,26.7,0.4,0.5,75,0,1,1,0.4,0.9,0.3,0.1,1.1,6.1,0,0,-1.9,,,,,,,,,,,,,,,,,,,,,,,,,,
Glenn Robinson III,DET,25,42,21,21,12.7,4.1,1.5,3.7,40.8,0.4,1.3,28.6,0.7,0.8,82.9,0.4,1,1.3,0.4,0.4,0.3,0.2,1,7.3,0,0,-0.1,,,,,,,,,,,,,,,,,,,,,,,,,,
Jon Leuer,DET,29,37,14,23,10.3,4.1,1.7,2.9,58.7,0,0.3,10,0.6,0.8,74.2,0.7,1.9,2.5,0.4,0.6,0.3,0.1,1.6,8.4,0,0,-2.5,,,,,,,,,,,,,,,,,,,,,,,,,,
Jonah Bolden,PHI,23,38,22,16,13,4.1,1.6,3.2,50,0.6,1.9,33.8,0.3,0.6,47.6,0.9,2.5,3.4,0.8,0.8,0.4,0.9,2.2,12.3,0,0,-0.6,,,,,,,,,,,,,,,,,,,,,,,,,,
Cristiano Felicio,CHI,26,54,15,39,11.5,4.1,1.6,2.9,55.8,0,0.1,0,0.8,1.1,72.6,1.3,2.1,3.3,0.5,0.5,0.2,0.1,1,9.3,0,0,-2.1,,,,,,,,,,,,,,,,,,,,,,,,,,
Zaza Pachulia,DET,35,61,31,30,13.2,4,1.3,3,43.6,0,0.1,0,1.4,1.9,77.9,1.5,2.5,4.1,1.4,0.8,0.5,0.3,2.2,12.5,0,0,-1.2,,,,,,,,,,,,,,,,,,,,,,,,,,
Dragan Bender,PHX,21,40,7,33,15.9,4,1.6,3.5,44,0.5,2,23.1,0.5,0.8,57.6,0.6,2.6,3.2,0.9,0.7,0.3,0.3,1.7,10.4,2,0,-3.1,,,,,,,,,,,,,,,,,,,,,,,,,,
J.P. Macura,CHA,23,1,0,1,13.8,4,2,8,25,0,4,0,0,0,0,0,2,2,2,0,0,0,0,9.4,0,0,-7,,,,,,,,,,,,,,,,,,,,,,,,,,
Tahjere McCall,BKN,24,1,0,1,8,4,2,3,66.7,0,1,0,0,1,0,0,1,1,0,0,0,0,2,5.2,0,0,15,,,,,,,,,,,,,,,,,,,,,,,,,,
Abdel Nader,OKC,25,56,35,21,11.7,4,1.5,3.5,42.8,0.5,1.6,34.1,0.5,0.6,77.1,0.2,1.7,1.9,0.3,0.4,0.3,0.2,1.1,8,0,0,-2.8,,,,,,,,,,,,,,,,,,,,,,,,,,
Hamidou Diallo,OKC,20,48,27,21,10.9,4,1.6,3.4,45.5,0.1,0.5,16.7,0.8,1.2,61,0.8,1.2,2,0.4,0.5,0.4,0.2,1.6,8.3,0,0,-1.6,,,,,,,,,,,,,,,,,,,,,,,,,,
Ben McLemore,SAC,26,19,7,12,8.3,3.9,1.3,3.4,39.1,0.9,2.2,41.5,0.4,0.6,66.7,0.2,0.7,0.9,0.2,0.3,0.3,0.2,1.2,6.5,0,0,-0.9,,,,,,,,,,,,,,,,,,,,,,,,,,
Ian Mahinmi,WAS,32,32,12,20,14.2,3.9,1.3,2.7,48.8,0,0.4,7.7,1.3,1.9,68.3,1.3,2.2,3.4,0.8,0.6,0.8,0.5,2.4,12.2,0,0,-0.4,,,,,,,,,,,,,,,,,,,,,,,,,,
Pau Gasol,MIL,38,30,17,13,12,3.9,1.4,3.1,44.7,0.2,0.4,46.2,0.9,1.3,70,0.7,3.8,4.6,1.7,0.5,0.2,0.5,1,13.5,1,0,-1.1,,,,,,,,,,,,,,,,,,,,,,,,,,
Amir Johnson,PHI,31,45,29,16,10.3,3.9,1.5,3,50.7,0.2,0.8,32.4,0.6,0.8,75,0.8,1.9,2.8,1.2,1,0.3,0.2,2,9.8,0,0,-1.3,,,,,,,,,,,,,,,,,,,,,,,,,,
Grayson Allen,UTA,23,33,19,14,9.2,3.8,1.2,3.6,32.2,0.7,2.2,29.7,0.9,1.3,69,0,0.3,0.3,0.5,0.5,0.1,0.1,1.1,5.2,0,0,-3.3,,,,,,,,,,,,,,,,,,,,,,,,,,
Solomon Hill,NOP,28,39,13,26,19.3,3.8,1.4,3.5,38.4,0.6,1.9,30.3,0.5,0.7,70.4,0.8,2.1,2.9,1.2,0.6,0.6,0.2,1.7,10.8,0,0,-1.9,,,,,,,,,,,,,,,,,,,,,,,,,,
Patrick Patterson,OKC,30,61,38,23,14,3.8,1.3,3.6,37.6,0.8,2.2,33.8,0.3,0.5,63.3,0.7,1.7,2.4,0.5,0.3,0.3,0.2,0.7,8.5,0,0,-1.7,,,,,,,,,,,,,,,,,,,,,,,,,,
Mitchell Creek,BKN,26,4,1,3,8.9,3.8,1.3,2.5,50,0,0.3,0,1.3,1.8,71.4,1.3,1.3,2.5,1.3,0,0.3,0,0.8,9.4,0,0,2,,,,,,,,,,,,,,,,,,,,,,,,,,
Troy Brown Jr.,WAS,19,46,19,27,11.6,3.7,1.5,3.7,39.2,0.2,1,25,0.6,0.9,65.9,0.6,1.9,2.5,1.4,0.5,0.3,0.1,1,9.7,0,0,0.1,,,,,,,,,,,,,,,,,,,,,,,,,,
Demetrius Jackson,PHI,24,6,5,1,6.6,3.7,1.3,2.5,53.3,0.3,1,33.3,0.7,0.7,100,0.3,0.2,0.5,0.8,0.2,0.3,0,0.7,6.4,0,0,-1.8,,,,,,,,,,,,,,,,,,,,,,,,,,
Gary Payton II,WAS,26,3,2,1,5.3,3.7,1.7,2.7,62.5,0.3,0.7,50,0,0,0,0.3,0.3,0.7,1.3,0.3,1,0.3,0.7,10.1,0,0,3.7,,,,,,,,,,,,,,,,,,,,,,,,,,
Nene,HOU,36,38,26,12,13.1,3.6,1.4,2.7,52.9,0,0.1,0,0.8,1.2,64.4,0.8,2.2,2.9,0.6,0.3,0.5,0.4,2,10.3,0,0,1.9,,,,,,,,,,,,,,,,,,,,,,,,,,
Ryan Broekhoff,DAL,28,35,11,24,9.4,3.6,1.3,2.7,46.8,0.9,2.1,41.7,0.2,0.3,88.9,0.1,1.1,1.2,0.5,0.3,0.1,0.1,0.8,6.2,0,0,2.4,,,,,,,,,,,,,,,,,,,,,,,,,,
Alan Williams,BKN,26,4,0,4,5.5,3.5,1.5,2.5,60,0,0.3,0,0.5,1,50,1,3.3,4.3,0.8,0.3,0.3,0,0.5,10.2,0,0,3,,,,,,,,,,,,,,,,,,,,,,,,,,
BJ Johnson,ATL,23,6,2,4,7.2,3.5,1.3,2.7,50,0.5,1,50,0.3,0.3,100,0.3,1,1.3,0,0.3,0.3,0,0.5,5.8,0,0,-2.3,,,,,,,,,,,,,,,,,,,,,,,,,,
Kosta Koufos,SAC,30,36,19,17,11.6,3.5,1.6,3.5,46.8,0,0,0,0.2,0.6,38.1,1.2,2.9,4.1,0.8,0.6,0.4,0.4,1.7,11.6,0,0,-1.1,,,,,,,,,,,,,,,,,,,,,,,,,,
Timothe Luwawu-Cabarrot,CHI,23,44,24,20,11.4,3.5,1.3,3.5,36.8,0.6,1.8,32.5,0.4,0.5,66.7,0.2,1.3,1.5,0.5,0.3,0.4,0.1,1.2,7,0,0,-3.8,,,,,,,,,,,,,,,,,,,,,,,,,,
Tyrone Wallace,LAC,24,55,31,24,10.3,3.5,1.5,3.5,41,0.1,0.3,23.5,0.5,1,52.8,0.4,1.3,1.7,0.7,0.5,0.3,0.1,1.3,7.4,0,0,1.2,,,,,,,,,,,,,,,,,,,,,,,,,,
Isaiah Briscoe,ORL,22,39,17,22,14.3,3.5,1.4,3.5,39.9,0.3,0.9,32.4,0.4,0.7,57.7,0.1,1.8,1.9,2.2,0.8,0.3,0.1,1.7,9.3,0,0,0.5,,,,,,,,,,,,,,,,,,,,,,,,,,
John Jenkins,NYK,28,19,5,14,10,3.5,1.3,3.4,37.5,0.6,1.7,33.3,0.4,0.5,77.8,0.2,0.7,0.9,0.5,0.3,0,0.1,0.1,5.4,0,0,-1.4,,,,,,,,,,,,,,,,,,,,,,,,,,
Wesley Johnson,WAS,31,37,16,21,14.3,3.5,1.2,3.4,35.7,0.7,2.1,32.9,0.4,0.5,68.4,0.3,1.6,1.9,0.6,0.5,0.4,0.3,1.6,8.2,0,0,-2.4,,,,,,,,,,,,,,,,,,,,,,,,,,
TJ Leaf,IND,21,51,32,19,8.5,3.4,1.5,2.8,54.2,0.1,0.5,23.1,0.3,0.5,56,0.6,1.4,2,0.4,0.2,0.1,0.3,0.6,7.3,0,0,0.6,,,,,,,,,,,,,,,,,,,,,,,,,,
Kyle O'Quinn,IND,29,42,26,16,8.3,3.4,1.5,2.9,51.6,0,0.3,9.1,0.4,0.5,78.9,0.6,2,2.7,1.3,0.7,0.2,0.5,1.5,10.1,1,0,0,,,,,,,,,,,,,,,,,,,,,,,,,,
Cameron Reynolds,MIN,24,11,3,8,11.8,3.4,1.2,3.5,33.3,0.7,2.2,33.3,0.3,0.3,100,0.2,0.9,1.1,0.5,0.1,0.4,0.1,0.8,6.8,0,0,-1.2,,,,,,,,,,,,,,,,,,,,,,,,,,
Channing Frye,CLE,35,33,7,26,9.5,3.4,1.1,3.1,35.9,0.8,2.2,39.4,0.3,0.4,75,0.1,1.3,1.5,0.6,0.3,0.2,0.2,1.3,6.7,0,0,-4.3,,,,,,,,,,,,,,,,,,,,,,,,,,
Courtney Lee,DAL,33,27,3,24,11.2,3.3,1.3,3.1,40.5,0.3,1.2,27.3,0.5,0.7,68.4,0.3,1.1,1.4,0.9,0.3,0.6,0.1,0.9,8,0,0,-1.9,,,,,,,,,,,,,,,,,,,,,,,,,,
Emanuel Terry,MIA,22,3,0,3,7.6,3.3,1.3,2.3,57.1,0,0,0,0.7,1.3,50,1,1.3,2.3,0.7,0.7,1,0,1.3,9.5,0,0,1.3,,,,,,,,,,,,,,,,,,,,,,,,,,
Scott Machado,LAL,28,3,2,1,6,3.3,1.3,2,66.7,0.3,0.3,100,0.3,0.3,100,0,0,0,1,0,0.3,0,0.7,5.8,0,0,1,,,,,,,,,,,,,,,,,,,,,,,,,,
Thabo Sefolosha,UTA,34,43,23,20,10.7,3.3,1.2,2.6,47.3,0.6,1.4,42.4,0.3,0.5,65,0.1,2.2,2.3,0.4,0.4,0.8,0.1,0.8,9.1,1,0,2.3,,,,,,,,,,,,,,,,,,,,,,,,,,
Brad Wanamaker,BOS,29,31,24,7,8.6,3.3,1.1,2.5,44.3,0.5,1,50,0.5,0.6,88.9,0.1,0.9,1,1.3,0.5,0.3,0,0.7,6.9,0,0,1.2,,,,,,,,,,,,,,,,,,,,,,,,,,
Jason Smith,NOP,33,20,10,10,9.5,3.3,1.1,3,35.6,0.5,1.3,34.6,0.7,0.8,87.5,0.8,1.8,2.6,0.7,0.7,0.2,0.4,1.5,8.3,0,0,-2.5,,,,,,,,,,,,,,,,,,,,,,,,,,
Dante Cunningham,SAS,31,60,33,27,14.8,3.2,1.3,2.5,49.7,0.5,1,48.4,0.2,0.3,77.8,0.8,2.3,3.1,0.8,0.4,0.4,0.2,1.2,9.7,0,0,-2.7,,,,,,,,,,,,,,,,,,,,,,,,,,
Milos Teodosic,LAC,32,15,8,7,10,3.2,1.1,2.7,42.5,0.7,1.8,37,0.3,0.5,57.1,0.2,0.9,1.1,2.1,1.4,0.2,0.1,1.8,7.1,0,0,1.7,,,,,,,,,,,,,,,,,,,,,,,,,,
Andrew Harrison,NOP,24,17,6,11,10.9,3.2,0.9,3.1,30.2,0.3,1.5,20,1,1.1,94.4,0.4,0.8,1.2,1.4,0.7,0.2,0.1,2,7.1,0,0,-1.3,,,,,,,,,,,,,,,,,,,,,,,,,,
Semi Ojeleye,BOS,24,51,35,16,10.4,3.2,1.1,2.6,43.2,0.5,1.5,32.5,0.5,0.7,67.6,0.4,1.1,1.5,0.4,0.4,0.2,0.1,0.8,6,0,0,1.4,,,,,,,,,,,,,,,,,,,,,,,,,,
Georges Niang,UTA,25,52,36,16,7.1,3.2,1.2,2.5,46.2,0.7,1.6,41.5,0.2,0.3,73.3,0.2,1.1,1.3,0.5,0.3,0.1,0.1,0.8,5.7,0,0,-1.8,,,,,,,,,,,,,,,,,,,,,,,,,,
Svi Mykhailiuk,DET,21,42,19,23,10.5,3.2,1.1,3.3,32.9,0.7,2.1,32.6,0.3,0.5,60,0.2,0.6,0.9,0.9,0.5,0.3,0,0.6,6.1,0,0,-0.2,,,,,,,,,,,,,,,,,,,,,,,,,,
Tyson Chandler,LAL,36,55,26,29,15.9,3.1,1.1,1.8,61.6,0,0,0,0.9,1.6,58.6,1.7,3.9,5.6,0.7,0.8,0.4,0.4,2,12.5,3,0,-0.7,,,,,,,,,,,,,,,,,,,,,,,,,,
Marcus Derrickson,GSW,23,9,8,1,6,3.1,1.1,2.7,41.7,0.6,1.6,35.7,0.3,0.4,75,0.6,0.3,0.9,0.1,0.3,0,0.1,1,4.3,0,0,-2.2,,,,,,,,,,,,,,,,,,,,,,,,,,
Jevon Carter,MEM,23,32,6,26,14.2,3.1,1.1,4.2,25.2,0.6,2.3,25,0.4,0.6,72.2,0.3,1.2,1.5,1.8,0.9,0.7,0.3,1.5,9.7,0,0,-2.7,,,,,,,,,,,,,,,,,,,,,,,,,,
Jordan Bell,GSW,24,61,40,21,11.4,3,1.3,2.6,52.6,0,0,0,0.4,0.6,59.5,0.8,1.9,2.7,1,0.6,0.3,0.7,1.2,10.4,0,0,-1.4,,,,,,,,,,,,,,,,,,,,,,,,,,
Chris Boucher,TOR,26,24,17,7,5.2,3,1,2.5,41,0.4,1.3,32.3,0.5,0.6,86.7,0.6,1.1,1.7,0,0.1,0.3,0.9,1,8.3,0,0,-0.9,,,,,,,,,,,,,,,,,,,,,,,,,,
Angel Delgado,LAC,24,1,0,1,13.6,3,1,4,25,0,0,0,1,2,50,2,2,4,0,0,1,0,2,10.8,0,0,-1,,,,,,,,,,,,,,,,,,,,,,,,,,
Daniel Hamilton,ATL,23,19,7,12,10.7,3,1.2,3.2,38.3,0.4,1.2,34.8,0.2,0.3,50,0.5,1.9,2.5,1.2,0.8,0.3,0.1,1,8,0,0,-1.4,,,,,,,,,,,,,,,,,,,,,,,,,,
Jerome Robinson,LAC,22,26,15,11,8.8,3,1.2,3.2,36.6,0.5,1.7,32.6,0.2,0.2,66.7,0.1,1,1.1,0.3,0.2,0.3,0.1,1.4,5.7,0,0,-0.8,,,,,,,,,,,,,,,,,,,,,,,,,,
Jimmer Fredette,PHX,30,2,0,2,9.4,3,0.5,5.5,9.1,0,3,0,2,2,100,0,1.5,1.5,0.5,1.5,0.5,0,1.5,5.6,0,0,-16,,,,,,,,,,,,,,,,,,,,,,,,,,
Jordan Sibert,ATL,26,1,1,0,4.2,3,1,1,100,1,1,100,0,0,0,0,0,0,0,0,0,0,0,3,0,0,-5,,,,,,,,,,,,,,,,,,,,,,,,,,
Zhaire Smith,PHI,19,1,0,1,5.6,3,1,1,100,1,1,100,0,0,0,0,1,1,0,0,1,0,0,7.2,0,0,3,,,,,,,,,,,,,,,,,,,,,,,,,,
Deonte Burton,OKC,25,28,18,10,8.5,2.9,1.2,2.9,41.3,0.3,0.9,30.8,0.3,0.4,70,0.1,0.9,1,0.3,0.3,0.2,0.3,1.1,5.8,0,0,0.9,,,,,,,,,,,,,,,,,,,,,,,,,,
Jarell Martin,ORL,24,37,17,20,7.7,2.9,1.1,2.5,42.6,0.5,1.3,38.8,0.2,0.2,77.8,0.3,1.4,1.7,0.4,0.3,0.1,0.2,1.1,6,0,0,0.3,,,,,,,,,,,,,,,,,,,,,,,,,,
Ryan Anderson,MIA,30,22,5,17,14,2.9,1,3,31.3,0.4,1.7,23.7,0.5,0.7,75,0.7,1.5,2.2,0.9,0.6,0.2,0,1.1,6.8,0,0,-3.5,,,,,,,,,,,,,,,,,,,,,,,,,,
Jaylen Adams,ATL,22,27,11,16,11.1,2.9,1,2.7,37,0.8,2,38.2,0.1,0.1,50,0.3,1.3,1.6,1.7,0.7,0.2,0.1,1.1,7.4,0,0,-1.1,,,,,,,,,,,,,,,,,,,,,,,,,,
Gary Clark,HOU,24,46,28,18,13.1,2.8,1,2.8,33.6,0.8,2.6,30.3,0.2,0.2,100,0.4,1.9,2.3,0.4,0.1,0.4,0.5,0.9,8.9,0,0,0.9,,,,,,,,,,,,,,,,,,,,,,,,,,
Justin Anderson,ATL,25,41,15,26,7.5,2.7,1,2.6,39.6,0.3,1.2,22,0.4,0.5,76.2,0.3,0.9,1.2,0.3,0.4,0.4,0.2,0.9,6.2,0,0,-1,,,,,,,,,,,,,,,,,,,,,,,,,,
Khyri Thomas,DET,22,23,11,12,8.2,2.7,1,2.8,33.8,0.4,1.5,28.6,0.3,0.5,63.6,0.2,0.7,0.9,0.3,0.2,0.3,0.2,0.9,5.6,0,0,-0.9,,,,,,,,,,,,,,,,,,,,,,,,,,
Yuta Watanabe,MEM,24,11,3,8,9.7,2.6,0.9,2.7,33.3,0.2,0.9,20,0.6,0.9,70,0.1,1.7,1.8,0.4,0.4,0.2,0.1,0.4,5.8,0,0,0.2,,,,,,,,,,,,,,,,,,,,,,,,,,
Robert Williams III,BOS,21,29,16,13,8.3,2.6,1.1,1.6,73.3,0,0,0,0.3,0.5,64.3,0.8,1.4,2.2,0.2,0.3,0.3,1.2,1,9.7,0,0,-2.2,,,,,,,,,,,,,,,,,,,,,,,,,,
Patrick McCaw,TOR,23,28,16,12,13.5,2.5,0.9,2.1,41.7,0.3,0.9,30.8,0.5,0.5,86.7,0.3,1.4,1.6,1,0.6,0.8,0.1,1.3,8,0,0,-2,,,,,,,,,,,,,,,,,,,,,,,,,,
Jaylen Morris,MIL,23,4,4,0,7.1,2.5,1,2.5,40,0.3,0.8,33.3,0.3,0.5,50,0,1.3,1.3,1,0.3,0.5,0,0.3,6.8,0,0,3,,,,,,,,,,,,,,,,,,,,,,,,,,
Troy Caupain,ORL,23,4,3,1,3.9,2.5,1,2,50,0.5,0.8,66.7,0,0,0,0.3,0.5,0.8,1,0,0.3,0,0,5.7,0,0,2,,,,,,,,,,,,,,,,,,,,,,,,,,
Salah Mejri,DAL,32,29,10,19,9.2,2.5,1,2.1,48.3,0.1,0.4,36.4,0.3,0.4,76.9,0.8,1.9,2.7,0.7,0.4,0.3,0.5,1.3,8.7,0,0,-2.2,,,,,,,,,,,,,,,,,,,,,,,,,,
James Nunnally,HOU,28,15,8,7,6.8,2.4,0.8,2.3,35.3,0.5,1.7,32,0.3,0.3,100,0,0.3,0.3,0.5,0.1,0.1,0,0.7,3.6,0,0,-1.6,,,,,,,,,,,,,,,,,,,,,,,,,,
Jose Calderon,DET,37,48,21,27,13.1,2.4,0.9,2.5,37.8,0.3,1.2,25,0.2,0.2,81.8,0.2,1,1.3,2.4,0.7,0.3,0.1,1.3,7.9,0,0,-3.3,,,,,,,,,,,,,,,,,,,,,,,,,,
Duncan Robinson,MIA,24,11,4,7,7.6,2.3,0.8,2,40.9,0.5,1.6,33.3,0.1,0.2,50,0,1,1,0.1,0.1,0.2,0,0.4,4.1,0,0,-0.9,,,,,,,,,,,,,,,,,,,,,,,,,,
Nick Young,DEN,33,4,3,1,9.3,2.3,0.8,2.3,33.3,0.8,2,37.5,0,0,0,0,0.3,0.3,0.5,0.5,0,0.3,1,3.6,0,0,-1.3,,,,,,,,,,,,,,,,,,,,,,,,,,
Dairis Bertans,NOP,29,6,1,5,9.8,2.2,0.8,2.8,29.4,0.5,1.8,27.3,0,0,0,0.3,0.5,0.8,0.3,0.3,0,0,0.5,3.3,0,0,-1,,,,,,,,,,,,,,,,,,,,,,,,,,
Guerschon Yabusele,BOS,23,37,24,13,5.8,2.1,0.8,1.8,44.6,0.2,0.6,26.1,0.4,0.5,75,0.5,0.7,1.2,0.4,0.4,0.2,0.2,0.8,5,0,0,0,,,,,,,,,,,,,,,,,,,,,,,,,,
Lorenzo Brown,TOR,28,26,20,6,8.2,2.1,0.9,2.7,32.4,0.2,1.1,21.4,0.1,0.1,100,0.2,1,1.2,1.1,0.6,0.5,0.2,0.8,6.5,0,0,-1.3,,,,,,,,,,,,,,,,,,,,,,,,,,
Anfernee Simons,POR,19,16,14,2,5,2.1,0.8,2.2,37.1,0.1,0.8,15.4,0.3,0.6,50,0,0.4,0.4,0.3,0.5,0,0,0.4,2.5,0,0,-3.2,,,,,,,,,,,,,,,,,,,,,,,,,,
Edmond Sumner,IND,23,20,13,7,8.7,2.1,0.8,2.5,32.7,0.2,1,20,0.3,0.6,41.7,0.4,0.7,1,0.5,0.4,0.5,0.3,1.1,5.6,0,0,-1.9,,,,,,,,,,,,,,,,,,,,,,,,,,
C.J. Williams,MIN,29,13,4,9,7,2,0.9,2.1,44.4,0.2,0.9,16.7,0,0,0,0.1,0.3,0.4,0.8,0.3,0.2,0,1,4.1,0,0,-3.9,,,,,,,,,,,,,,,,,,,,,,,,,,
DJ Stephens,MEM,28,1,0,1,6.7,2,1,2,50,0,0,0,0,0,0,0,0,0,0,1,1,0,0,4,0,0,-3,,,,,,,,,,,,,,,,,,,,,,,,,,
Dzanan Musa,BKN,19,8,3,5,4.2,2,1,2.5,40,0,1.1,0,0,0.3,0,0.1,0.4,0.5,0.1,0.5,0.3,0,0.1,3,0,0,0.5,,,,,,,,,,,,,,,,,,,,,,,,,,
Joe Chealey,CHA,23,1,0,1,7.8,2,1,3,33.3,0,0,0,0,0,0,0,0,0,1,0,0,0,1,3.5,0,0,-3,,,,,,,,,,,,,,,,,,,,,,,,,,
Kalin Lucas,DET,29,1,0,1,5.6,2,0,1,0,0,1,0,2,2,100,0,3,3,1,0,0,0,1,7.1,0,0,-3,,,,,,,,,,,,,,,,,,,,,,,,,,
Lonnie Walker IV,SAS,20,11,7,4,6.7,2,0.6,2.5,25,0.2,0.5,33.3,0.5,0.5,100,0,1.1,1.1,0.4,0.4,0.5,0.2,0.5,5.7,0,0,-2.8,,,,,,,,,,,,,,,,,,,,,,,,,,
Skal Labissiere,POR,23,19,9,10,6.8,2,0.7,1.6,45.2,0.2,0.6,36.4,0.3,0.7,46.2,0.3,1.1,1.4,0.5,0.5,0.1,0.2,1.2,4.8,0,0,-1.1,,,,,,,,,,,,,,,,,,,,,,,,,,
Zhou Qi,HOU,23,1,0,1,1,2,1,1,100,0,0,0,0,0,0,0,0,0,0,0,0,0,0,2,0,0,-2,,,,,,,,,,,,,,,,,,,,,,,,,,
Drew Eubanks,SAS,22,20,11,9,4.8,2,0.7,1.1,63.6,0,0,0,0.6,0.7,84.6,0.3,1.1,1.4,0.4,0.3,0.1,0.2,0.5,4.5,0,0,-0.2,,,,,,,,,,,,,,,,,,,,,,,,,,
Caleb Swanigan,SAC,21,18,10,8,8.1,1.9,0.8,2.4,31.8,0.1,0.3,20,0.3,0.4,85.7,0.7,2.2,2.9,0.4,0.9,0.2,0,1.2,5.8,1,0,-3.3,,,,,,,,,,,,,,,,,,,,,,,,,,
Jared Terrell,MIN,24,11,4,7,6.9,1.9,0.7,2.5,29.6,0.4,1.1,33.3,0.1,0.2,50,0.1,0.3,0.4,0.6,0.7,0.3,0.1,0.8,3.7,0,0,-0.5,,,,,,,,,,,,,,,,,,,,,,,,,,
Isaiah Hartenstein,HOU,20,28,15,13,7.9,1.9,0.7,1.5,48.8,0.1,0.2,33.3,0.4,0.5,78.6,0.8,0.9,1.7,0.5,0.5,0.3,0.4,2,6.3,0,0,1.4,,,,,,,,,,,,,,,,,,,,,,,,,,
Wade Baldwin IV,POR,22,16,10,6,5.9,1.9,0.6,2.1,30.3,0.1,0.6,22.2,0.5,0.7,72.7,0.1,0.8,0.9,0.8,0.9,0.1,0.1,0.7,3.8,0,0,-4.1,,,,,,,,,,,,,,,,,,,,,,,,,,
Ekpe Udoh,UTA,31,44,30,14,5.3,1.8,0.8,1.2,68.6,0,0,0,0.3,0.4,64.7,0.4,0.8,1.3,0.4,0.2,0.1,0.5,0.6,5.6,0,0,-1.1,,,,,,,,,,,,,,,,,,,,,,,,,,
Quincy Pondexter,SAS,31,49,26,23,5.5,1.8,0.6,1.1,49.1,0.1,0.4,33.3,0.6,0.8,78.9,0.2,0.7,0.9,0.5,0.2,0.2,0,0.5,4.1,0,0,0.1,,,,,,,,,,,,,,,,,,,,,,,,,,
Jordan Loyd,TOR,25,9,8,1,4.1,1.8,0.6,1.3,41.7,0.2,0.7,33.3,0.4,0.6,80,0.1,0.7,0.8,0.2,0.2,0,0,0.6,2.8,0,0,-0.4,,,,,,,,,,,,,,,,,,,,,,,,,,
Chimezie Metu,SAS,22,29,14,15,5,1.8,0.7,2,32.8,0,0.1,0,0.4,0.6,76.5,0.3,0.9,1.2,0.4,0.5,0.2,0.1,0.5,4.2,0,0,0,,,,,,,,,,,,,,,,,,,,,,,,,,
Eric Moreland,TOR,27,4,2,2,9,1.8,0.8,1.5,50,0.3,0.3,100,0,0,0,0.8,3.3,4,1,0.8,0,0,2.3,7.3,0,0,-2.3,,,,,,,,,,,,,,,,,,,,,,,,,,
Gary Trent Jr.,POR,20,12,11,1,4.3,1.8,0.7,2.2,30.8,0.3,1.1,30.8,0.1,0.3,25,0,0.6,0.6,0.1,0.2,0,0.1,0.3,2.7,0,0,-1.8,,,,,,,,,,,,,,,,,,,,,,,,,,
Quincy Acy,PHX,28,10,2,8,12.3,1.7,0.4,1.8,22.2,0.2,1.5,13.3,0.7,1,70,0.3,2.2,2.5,0.8,0.4,0.1,0.4,2.4,7,0,0,0.4,,,,,,,,,,,,,,,,,,,,,,,,,,
Deng Adel,CLE,22,15,4,11,12.1,1.7,0.6,2.2,27.3,0.3,1.4,23.8,0.1,0.1,100,0.1,1,1.1,0.3,0.3,0.1,0.3,0.8,4.1,0,0,-1.7,,,,,,,,,,,,,,,,,,,,,,,,,,
Justin Patton,PHI,21,3,2,1,6.9,1.7,0.7,2.3,28.6,0,0.7,0,0.3,0.7,50,0.7,1.3,2,1,0,0.7,0,1.7,7.6,0,0,-1,,,,,,,,,,,,,,,,,,,,,,,,,,
Trevon Duval,HOU,20,3,2,1,1.9,1.7,0.7,1,66.7,0.3,0.3,100,0,0,0,0,0.3,0.3,0.7,0,0,0,0,3.1,0,0,0.7,,,,,,,,,,,,,,,,,,,,,,,,,,
Thomas Welsh,DEN,23,11,8,3,3.3,1.6,0.6,1.2,53.8,0.3,0.6,42.9,0.1,0.2,50,0,0.4,0.4,0.5,0.1,0,0,0.3,2.7,0,0,0.2,,,,,,,,,,,,,,,,,,,,,,,,,,
Ray Spalding,PHX,22,8,1,7,7.9,1.6,0.8,1.5,50,0,0.1,0,0.1,0.4,33.3,0.4,2,2.4,0.4,0.6,0.1,0.4,1.5,5.9,0,0,0.8,,,,,,,,,,,,,,,,,,,,,,,,,,
Haywood Highsmith,PHI,22,2,1,1,4.4,1.5,0.5,1,50,0.5,1,50,0,0,0,0,0.5,0.5,1,0,0,0,0,3.6,0,0,-2,,,,,,,,,,,,,,,,,,,,,,,,,,
Vincent Edwards,HOU,22,2,1,1,7.9,1.5,0.5,2,25,0.5,2,25,0,0,0,0.5,0.5,1,0,0,0,0,0,2.7,0,0,-1,,,,,,,,,,,,,,,,,,,,,,,,,,
Melvin Frazier Jr.,ORL,22,9,7,2,4.4,1.4,0.7,2,33.3,0,0.4,0,0.1,0.2,50,0.3,0.2,0.6,0.1,0.1,0.1,0,0.7,2.5,0,0,-1.4,,,,,,,,,,,,,,,,,,,,,,,,,,
Brandon Goodwin,DEN,23,16,10,6,3.6,1.4,0.4,1.4,26.1,0.1,0.4,33.3,0.6,0.7,81.8,0.1,0.1,0.2,0.9,0.2,0,0,0.4,2.8,0,0,0.8,,,,,,,,,,,,,,,,,,,,,,,,,,
PJ Dozier,BOS,22,5,4,1,2.7,1.4,0.6,1.4,42.9,0.2,0.4,50,0,0,0,0.4,0.8,1.2,0,0,0,0,0.2,2.8,0,0,3,,,,,,,,,,,,,,,,,,,,,,,,,,
Malachi Richardson,TOR,23,22,16,6,4.7,1.4,0.4,1.3,31,0.4,1.1,32,0.2,0.2,80,0.1,0.5,0.6,0,0.4,0,0,0.6,1.8,0,0,-0.5,,,,,,,,,,,,,,,,,,,,,,,,,,
Amile Jefferson,ORL,25,8,7,1,3.9,1.3,0.4,0.9,42.9,0,0,0,0.5,0.5,100,0.4,0.9,1.3,0.1,0,0.1,0.1,0.5,3.7,0,0,-0.6,,,,,,,,,,,,,,,,,,,,,,,,,,
Rawle Alkins,CHI,21,4,2,2,5.6,1.3,0.3,1.5,16.7,0.3,0.5,50,0.5,0.5,100,1,0.5,1.5,0.8,0.8,0.3,0,0.5,4.2,0,0,-3,,,,,,,,,,,,,,,,,,,,,,,,,,
Julian Washburn,MEM,27,11,4,7,12.9,1.2,0.4,2.5,14.8,0.2,1.3,14.3,0.3,0.4,75,0.6,1.8,2.5,0.4,0.4,0.5,0,0.6,5.7,0,0,-1.3,,,,,,,,,,,,,,,,,,,,,,,,,,
Bonzie Colson,MIL,23,3,3,0,1.9,1,0.3,1,33.3,0.3,0.7,50,0,0,0,0.3,0.3,0.7,0.3,0,0,0,0,2.3,0,0,-1.7,,,,,,,,,,,,,,,,,,,,,,,,,,
DeVaughn Akoon-Purcell,DEN,25,7,7,0,3.1,1,0.4,1.4,30,0,0.6,0,0.1,0.3,50,0.1,0.4,0.6,0.9,0.3,0.3,0,0.6,3.5,0,0,0.1,,,,,,,,,,,,,,,,,,,,,,,,,,
Deyonta Davis,ATL,22,2,1,1,3.5,1,0,0,0,0,0,0,1,1,100,0.5,0,0.5,0,0,0,0,0.5,1.6,0,0,3.5,,,,,,,,,,,,,,,,,,,,,,,,,,
Isaiah Hicks,NYK,24,1,0,1,3.6,1,0,0,0,0,0,0,1,2,50,0,0,0,1,0,0,0,0,2.5,0,0,4,,,,,,,,,,,,,,,,,,,,,,,,,,
Kostas Antetokounmpo,DAL,21,2,1,1,5.3,1,0,1.5,0,0,0,0,1,2,50,0,0.5,0.5,0,0.5,1,0,0,4.1,0,0,1.5,,,,,,,,,,,,,,,,,,,,,,,,,,
Terrence Jones,HOU,27,2,2,0,2.6,1,0.5,2,25,0,1,0,0,0.5,0,0,2,2,0,0.5,0,0,0.5,2.9,0,0,-6,,,,,,,,,,,,,,,,,,,,,,,,,,
Ron Baker,WAS,25,15,4,11,10.1,0.9,0.3,1.3,20,0.1,0.9,7.7,0.3,0.4,83.3,0.1,0.7,0.7,1,0.3,0.4,0.1,1.2,4.4,0,0,-1.3,,,,,,,,,,,,,,,,,,,,,,,,,,
Sindarius Thornwell,LAC,24,57,34,23,4.8,0.9,0.3,0.8,33.3,0.1,0.3,20,0.3,0.5,69.2,0.1,0.6,0.7,0.3,0.3,0.2,0.1,0.6,2.7,0,0,-0.7,,,,,,,,,,,,,,,,,,,,,,,,,,
Tyler Lydon,DEN,22,24,20,4,3.7,0.9,0.3,0.7,47.1,0.2,0.4,40,0,0.1,33.3,0.3,0.5,0.7,0.2,0.2,0.1,0,0.4,2.1,0,0,-0.5,,,,,,,,,,,,,,,,,,,,,,,,,,
Jawun Evans,OKC,22,7,3,4,9.1,0.9,0.4,1.9,23.1,0,0.3,0,0,0,0,0.1,1.6,1.7,1.4,0.9,0.4,0,1.1,5.5,0,0,-7.3,,,,,,,,,,,,,,,,,,,,,,,,,,
Jarred Vanderbilt,DEN,19,12,9,3,3.1,0.8,0.3,0.8,40,0,0.1,0,0.2,0.4,40,0.4,0.8,1.3,0.2,0.3,0.3,0.1,0.3,3.3,0,0,-0.8,,,,,,,,,,,,,,,,,,,,,,,,,,
Daryl Macon,DAL,23,5,2,3,2.6,0.8,0.4,0.6,66.7,0,0,0,0,0,0,0,0,0,0,0.2,0.2,0,0.2,1.2,0,0,-0.4,,,,,,,,,,,,,,,,,,,,,,,,,,
Isaac Bonga,LAL,19,15,3,12,3.8,0.8,0.2,1.1,18.8,0,0.3,0,0.4,0.6,66.7,0.3,0.7,0.9,0.5,0.3,0.3,0.1,0.3,3.5,0,0,-0.3,,,,,,,,,,,,,,,,,,,,,,,,,,
Jacob Evans,GSW,21,27,19,8,5,0.8,0.4,1.2,30.3,0,0.3,12.5,0,0,0,0.1,0.4,0.6,0.6,0.3,0,0,0.8,2.3,0,0,-1.3,,,,,,,,,,,,,,,,,,,,,,,,,,
Tyler Cavanaugh,UTA,25,8,5,3,2.3,0.8,0.3,0.8,33.3,0,0.4,0,0.3,0.3,100,0.1,0.4,0.5,0,0.1,0,0,0,1.2,0,0,-2.6,,,,,,,,,,,,,,,,,,,,,,,,,,
Udonis Haslem,MIA,38,8,7,1,4.3,0.8,0.4,1.1,33.3,0,0.5,0,0,0,0,0.1,1.4,1.5,0,0.3,0,0,0.5,2.3,0,0,-1.1,,,,,,,,,,,,,,,,,,,,,,,,,,
Naz Mitrou-Long,UTA,25,11,7,4,4.1,0.6,0.3,1,27.3,0.1,0.6,14.3,0,0,0,0,0.2,0.2,0.5,0.3,0,0,0.5,1.3,0,0,-2.6,,,,,,,,,,,,,,,,,,,,,,,,,,
Davon Reed,IND,23,8,3,5,2.7,0.6,0.3,0.5,50,0.1,0.1,100,0,0,0,0.1,0.1,0.3,0.3,0.1,0,0,0.1,1.2,0,0,1.9,,,,,,,,,,,,,,,,,,,,,,,,,,
Alize Johnson,IND,22,12,8,4,3,0.5,0.2,0.8,20,0.1,0.2,50,0.1,0.3,25,0.1,0.6,0.7,0,0,0,0.1,0.3,1.6,0,0,-1.3,,,,,,,,,,,,,,,,,,,,,,,,,,
Andre Ingram,LAL,33,4,1,3,3.7,0,0,1.5,0,0,0.8,0,0,0,0,0.3,0.3,0.5,0,0.3,0.3,0,0,1.1,0,0,1.3,,,,,,,,,,,,,,,,,,,,,,,,,,
Chris Chiozza,HOU,23,2,1,1,3,0,0,0.5,0,0,0,0,0,0,0,0,0,0,0,0,0,0,0,0,0,0,-0.5,,,,,,,,,,,,,,,,,,,,,,,,,,
Donte Grantham,OKC,24,3,2,1,0.8,0,0,0.7,0,0,0.7,0,0,0,0,0,0,0,0,0,0,0,0,0,0,0,-0.7,,,,,,,,,,,,,,,,,,,,,,,,,,
George King,PHX,25,1,0,1,5.9,0,0,0,0,0,0,0,0,0,0,0,1,1,0,0,0,0,0,1.2,0,0,-9,,,,,,,,,,,,,,,,,,,,,,,,,,
Ike Anigbogu,IND,20,3,2,1,2.1,0,0,1,0,0,0,0,0,0,0,0.3,0.7,1,0.3,0.3,0,0.3,0,2.4,0,0,-0.7,,,,,,,,,,,,,,,,,,,,,,,,,,
John Holland,CLE,30,1,0,1,0.7,0,0,0,0,0,0,0,0,0,0,0,0,0,0,0,0,0,0,0,0,0,1,,,,,,,,,,,,,,,,,,,,,,,,,,
Kobi Simmons,CLE,21,1,0,1,1.8,0,0,0,0,0,0,0,0,0,0,0,0,0,0,0,0,0,0,0,0,0,3,,,,,,,,,,,,,,,,,,,,,,,,,,
Okaro White,WAS,26,3,2,1,2.1,0,0,0.7,0,0,0.7,0,0,0,0,0.3,0.3,0.7,0,0,0,0,0,0.8,0,0,-1,,,,,,,,,,,,,,,,,,,,,,,,,,
Tony Bradley,UTA,21,1,1,0,8.6,0,0,3,0,0,0,0,0,0,0,2,1,3,0,1,0,0,1,2.6,0,0,-10,,,,,,,,,,,,,,,,,,,,,,,,,,
Tyler Davis,OKC,21,1,1,0,0.9,0,0,1,0,0,0,0,0,0,0,1,0,1,0,0,0,0,0,1.2,0,0,0,,,,,,,,,,,,,,,,,,,,,,,,,,
Tyler Ulis,CHI,23,1,0,1,0.8,0,0,0,0,0,0,0,0,0,0,0,0,0,0,0,0,0,0,0,0,0,0,,,,,,,,,,,,,,,,,,,,,,,,,,
Tyler Zeller,ATL,29,2,1,1,5.3,0,0,1,0,0,0.5,0,0,0,0,1,2,3,0.5,0,0,0,2,4.4,0,0,-4,,,,,,,,,,,,,,,,,,,,,,,,,,
Zach Lofton,DET,26,1,1,0,3.8,0,0,1,0,0,1,0,0,0,0,0,0,0,0,1,1,0,0,2,0,0,0,,,,,,,,,,,,,,,,,,,,,,,,,,